-- phpMyAdmin SQL Dump
-- version 5.1.0
-- https://www.phpmyadmin.net/
--
-- Host: 127.0.0.1
-- Waktu pembuatan: 15 Des 2021 pada 07.57
-- Versi server: 10.4.18-MariaDB
-- Versi PHP: 7.3.28

SET SQL_MODE = "NO_AUTO_VALUE_ON_ZERO";
START TRANSACTION;
SET time_zone = "+00:00";


/*!40101 SET @OLD_CHARACTER_SET_CLIENT=@@CHARACTER_SET_CLIENT */;
/*!40101 SET @OLD_CHARACTER_SET_RESULTS=@@CHARACTER_SET_RESULTS */;
/*!40101 SET @OLD_COLLATION_CONNECTION=@@COLLATION_CONNECTION */;
/*!40101 SET NAMES utf8mb4 */;

--
-- Database: `kp_quiz`
--

-- --------------------------------------------------------

--
-- Struktur dari tabel `app_config`
--

CREATE TABLE `app_config` (
  `formula` text NOT NULL COMMENT 'Generate all id question, duplicate for focus question or fail when answer',
  `password` varchar(155) NOT NULL,
  `version` char(8) NOT NULL
) ENGINE=InnoDB DEFAULT CHARSET=utf8mb4;

--
-- Dumping data untuk tabel `app_config`
--

INSERT INTO `app_config` (`formula`, `password`, `version`) VALUES
('1,2,3,4,5,6,7,8,9,10,11,12,13,14,15,16,17,18,19,20,21,22,23,24,25,26,27,28,29,30,31,32,33,34,35,36,37,38,39,40,41,42,43,44,45,46,47,48,49,50,51,52,53,54,55,56,57,58,59,60,61,62,63,64,65,66,67,68,69,70,71,72,73,74,75,76,77,78,79,80,81,82,83,84,85,86,87,88,89,90,91,92,93,94,95,96,97,98,99,100,101,102,103,104,105,106,107,108,109,110,111,112,113,114,115,116,117,118', '$2y$10$cqSQfgOg3.hwp37aWUd90eqmcqndl0WCxMDIc0gF2tq884F.sSr3W', '2.4.1');

-- --------------------------------------------------------

--
-- Struktur dari tabel `m_answers`
--

CREATE TABLE `m_answers` (
  `id` int(5) NOT NULL,
  `mode` enum('test','practice') NOT NULL,
  `id_question` int(10) NOT NULL,
  `answer` tinyint(1) NOT NULL COMMENT 'bool',
  `session_id` char(25) NOT NULL
) ENGINE=InnoDB DEFAULT CHARSET=utf8mb4;

--
-- Dumping data untuk tabel `m_answers`
--

INSERT INTO `m_answers` (`id`, `mode`, `id_question`, `answer`, `session_id`) VALUES
(1, 'test', 201, 0, '111105'),
(2, 'test', 144, 1, '111105'),
(3, 'test', 251, 0, '111105'),
(4, 'test', 94, 1, '111105'),
(5, 'test', 255, 0, '111105'),
(6, 'test', 261, 1, '111105'),
(7, 'test', 156, 0, '111105'),
(8, 'test', 230, 1, '111105'),
(9, 'test', 153, 0, '111105'),
(10, 'test', 135, 1, '111105'),
(11, 'test', 208, 0, '111105'),
(12, 'test', 53, 1, '111105'),
(13, 'test', 185, 0, '111105'),
(14, 'test', 41, 1, '111105'),
(15, 'test', 101, 0, '111105'),
(16, 'test', 3, 1, '111105'),
(17, 'test', 87, 1, '111105'),
(18, 'test', 67, 1, '111105'),
(19, 'test', 15, 1, '111105'),
(20, 'test', 233, 1, '111105'),
(21, 'test', 105, 1, '111105'),
(22, 'test', 202, 1, '111105'),
(23, 'test', 283, 1, '111105'),
(24, 'test', 7, 1, '111105'),
(25, 'test', 100, 1, '111105'),
(26, 'test', 55, 1, '111105'),
(27, 'test', 245, 1, '111105'),
(28, 'test', 174, 1, '111105'),
(29, 'test', 163, 1, '111105'),
(30, 'test', 122, 1, '111105'),
(31, 'test', 284, 1, '111105'),
(32, 'test', 137, 1, '111105'),
(33, 'test', 221, 1, '111105'),
(34, 'test', 77, 0, '111105'),
(35, 'test', 93, 0, '111105'),
(36, 'test', 90, 0, '111105'),
(37, 'test', 201, 0, '111105'),
(38, 'test', 237, 0, '111105'),
(39, 'test', 262, 0, '111105'),
(40, 'test', 109, 0, '111105'),
(41, 'test', 56, 0, '111105'),
(42, 'test', 117, 0, '111105'),
(43, 'test', 298, 0, '111105'),
(44, 'test', 50, 1, '111105'),
(45, 'test', 127, 1, '111105'),
(46, 'test', 279, 1, '111105'),
(47, 'test', 79, 1, '111105'),
(48, 'test', 31, 1, '111105'),
(49, 'test', 191, 1, '111105'),
(50, 'test', 112, 1, '111105'),
(51, 'test', 273, 1, '111105'),
(52, 'test', 6, 1, '111105'),
(53, 'test', 291, 1, '111105'),
(54, 'test', 243, 1, '111105'),
(55, 'test', 210, 1, '111105'),
(56, 'test', 94, 1, '111105'),
(57, 'test', 71, 1, '111105'),
(58, 'test', 265, 1, '111105'),
(59, 'test', 232, 1, '111105'),
(60, 'test', 294, 1, '111105'),
(61, 'test', 106, 1, '111105'),
(62, 'test', 278, 1, '111105'),
(63, 'test', 180, 1, '111105'),
(64, 'test', 111, 1, '111105'),
(65, 'test', 58, 1, '111105'),
(66, 'test', 151, 0, '111105'),
(67, 'test', 211, 0, '111105'),
(68, 'test', 142, 1, '111105'),
(69, 'test', 249, 0, '111105'),
(70, 'test', 184, 1, '111105'),
(71, 'test', 240, 1, '111105'),
(72, 'test', 141, 1, '111105'),
(73, 'test', 40, 0, '111105'),
(74, 'test', 107, 0, '111105'),
(75, 'test', 65, 0, '111105'),
(76, 'test', 134, 0, '111105'),
(77, 'test', 5, 0, '111105'),
(78, 'test', 167, 0, '111105'),
(79, 'test', 274, 1, '111105'),
(80, 'test', 281, 1, '111105'),
(81, 'test', 195, 1, '111105'),
(82, 'test', 123, 1, '111105'),
(83, 'test', 264, 1, '111105'),
(84, 'test', 118, 1, '111105'),
(85, 'test', 217, 1, '111105'),
(86, 'test', 246, 1, '111105'),
(87, 'test', 102, 1, '111105'),
(88, 'test', 115, 1, '111105'),
(89, 'test', 70, 1, '111105'),
(90, 'test', 255, 1, '111105'),
(91, 'test', 128, 1, '111105'),
(92, 'test', 36, 1, '111105'),
(93, 'test', 236, 0, '111105'),
(94, 'test', 8, 0, '111105'),
(95, 'test', 253, 0, '111105'),
(96, 'test', 22, 0, '111105'),
(97, 'test', 162, 1, '111105'),
(98, 'test', 26, 0, '111105'),
(99, 'test', 189, 1, '111105'),
(100, 'test', 104, 1, '111105'),
(101, 'test', 124, 1, '111105'),
(102, 'test', 39, 1, '111105'),
(103, 'test', 113, 1, '111105'),
(104, 'test', 209, 1, '111105'),
(105, 'test', 108, 1, '111105'),
(106, 'test', 1, 1, '111105'),
(107, 'test', 126, 1, '111105'),
(108, 'test', 292, 1, '111105'),
(109, 'test', 182, 1, '111105'),
(110, 'test', 156, 1, '111105'),
(111, 'test', 121, 1, '111105'),
(112, 'test', 172, 1, '111105'),
(113, 'test', 224, 1, '111105'),
(114, 'test', 285, 1, '111105'),
(115, 'test', 95, 1, '111105'),
(116, 'test', 220, 1, '111105'),
(117, 'test', 166, 1, '111105'),
(118, 'test', 120, 1, '111105'),
(119, 'test', 234, 1, '111105'),
(120, 'test', 75, 1, '111105'),
(121, 'test', 286, 1, '111105'),
(122, 'test', 251, 1, '111105'),
(123, 'test', 296, 1, '111105'),
(124, 'test', 51, 1, '111105'),
(125, 'test', 176, 1, '111105'),
(126, 'test', 297, 1, '111105'),
(127, 'test', 287, 1, '111105'),
(128, 'test', 88, 1, '111105'),
(129, 'test', 244, 1, '111105'),
(130, 'test', 186, 1, '111105'),
(131, 'test', 86, 1, '111105'),
(132, 'test', 160, 1, '111105'),
(133, 'test', 183, 1, '111105'),
(134, 'test', 28, 1, '111105'),
(135, 'test', 49, 1, '111105'),
(136, 'test', 52, 1, '111105'),
(137, 'test', 17, 1, '111105'),
(138, 'test', 14, 1, '111105'),
(139, 'test', 48, 1, '111105'),
(140, 'test', 192, 1, '111105'),
(141, 'test', 9, 1, '111105'),
(142, 'test', 125, 1, '111105'),
(143, 'test', 268, 1, '111105'),
(144, 'test', 179, 0, '111105'),
(145, 'test', 259, 0, '111105'),
(146, 'test', 266, 0, '111105'),
(147, 'test', 293, 0, '111105'),
(148, 'test', 267, 0, '111105'),
(149, 'test', 231, 0, '111105'),
(150, 'test', 140, 0, '111105'),
(151, 'test', 61, 1, '111105'),
(152, 'test', 187, 1, '111105'),
(153, 'test', 69, 1, '111105'),
(154, 'test', 197, 1, '111105'),
(155, 'test', 133, 1, '111105'),
(156, 'test', 89, 1, '111105'),
(157, 'test', 235, 1, '111105'),
(158, 'test', 239, 1, '111105'),
(159, 'test', 119, 0, '111105'),
(160, 'test', 80, 0, '111105'),
(161, 'test', 212, 0, '111105'),
(162, 'test', 144, 0, '111105'),
(163, 'test', 66, 0, '111105'),
(164, 'test', 242, 0, '111105'),
(165, 'test', 270, 0, '111105'),
(166, 'test', 16, 0, '111105'),
(167, 'test', 164, 0, '111105'),
(168, 'test', 150, 0, '111105'),
(169, 'test', 226, 0, '111105'),
(170, 'test', 171, 1, '111105'),
(171, 'test', 181, 1, '111105'),
(172, 'test', 25, 1, '111105'),
(173, 'test', 148, 1, '111105'),
(174, 'test', 74, 1, '111105'),
(175, 'test', 263, 1, '111105'),
(176, 'test', 277, 1, '111105'),
(177, 'test', 276, 1, '111105'),
(178, 'test', 68, 1, '111105'),
(179, 'test', 261, 0, '111105'),
(180, 'test', 116, 0, '111105'),
(181, 'test', 37, 0, '111105'),
(182, 'test', 43, 0, '111105'),
(183, 'test', 46, 1, '111105'),
(184, 'test', 45, 1, '111105'),
(185, 'test', 27, 1, '111105'),
(186, 'test', 97, 0, '111105'),
(187, 'test', 114, 1, '111105'),
(188, 'test', 85, 0, '111105'),
(189, 'test', 35, 1, '111105'),
(190, 'test', 169, 1, '111105'),
(191, 'test', 59, 1, '111105'),
(192, 'test', 219, 1, '111105'),
(193, 'test', 149, 1, '111105'),
(194, 'test', 29, 1, '111105'),
(195, 'test', 57, 1, '111105'),
(196, 'test', 271, 1, '111105'),
(197, 'test', 157, 0, '111105'),
(198, 'test', 250, 0, '111105'),
(199, 'test', 82, 0, '111105'),
(200, 'test', 227, 0, '111105'),
(201, 'test', 64, 1, '111105'),
(202, 'test', 173, 1, '111105'),
(203, 'test', 175, 0, '111105'),
(204, 'test', 288, 1, '111105'),
(205, 'test', 228, 0, '111105'),
(206, 'test', 23, 0, '111105'),
(207, 'test', 168, 1, '111105'),
(208, 'test', 241, 0, '111105'),
(209, 'test', 130, 0, '111105'),
(210, 'test', 18, 0, '111105'),
(211, 'test', 159, 1, '111105'),
(212, 'test', 30, 1, '111105'),
(213, 'test', 272, 1, '111105'),
(214, 'test', 21, 1, '111105'),
(215, 'test', 165, 1, '111105'),
(216, 'test', 252, 1, '111105'),
(217, 'test', 4, 1, '111105'),
(218, 'test', 110, 0, '111105'),
(219, 'test', 161, 0, '111105'),
(220, 'test', 260, 0, '111105'),
(221, 'test', 280, 0, '111105'),
(222, 'test', 218, 0, '111105'),
(223, 'test', 196, 1, '111105'),
(224, 'test', 206, 1, '111105'),
(225, 'test', 203, 1, '111105'),
(226, 'test', 213, 1, '111105'),
(227, 'test', 83, 0, '111105'),
(228, 'test', 24, 0, '111105'),
(229, 'test', 295, 1, '111105'),
(230, 'test', 76, 1, '111105'),
(231, 'test', 91, 1, '111105'),
(232, 'test', 33, 0, '111105'),
(233, 'test', 170, 0, '111105'),
(234, 'test', 247, 0, '111105'),
(235, 'test', 152, 1, '111105'),
(236, 'test', 81, 1, '111105'),
(237, 'test', 73, 1, '111105'),
(238, 'test', 13, 0, '111105'),
(239, 'test', 225, 0, '111105'),
(240, 'test', 155, 0, '111105'),
(241, 'test', 98, 0, '111105'),
(242, 'test', 42, 0, '111105'),
(243, 'test', 204, 1, '111105'),
(244, 'test', 290, 1, '111105'),
(245, 'test', 99, 1, '111105'),
(246, 'test', 194, 1, '111105'),
(247, 'test', 198, 1, '111105'),
(248, 'test', 178, 1, '111105'),
(249, 'test', 10, 1, '111105'),
(250, 'test', 254, 0, '111105'),
(251, 'test', 216, 0, '111105'),
(252, 'test', 138, 0, '111105'),
(253, 'test', 205, 0, '111105'),
(254, 'test', 258, 1, '111105'),
(255, 'test', 154, 1, '111105'),
(256, 'test', 60, 1, '111105'),
(257, 'test', 54, 1, '111105'),
(258, 'test', 300, 0, '111105'),
(259, 'test', 200, 0, '111105'),
(260, 'test', 193, 1, '111105'),
(261, 'test', 19, 0, '111105'),
(262, 'test', 238, 1, '111105'),
(263, 'test', 44, 1, '111105'),
(264, 'test', 72, 1, '111105'),
(265, 'test', 215, 1, '111105'),
(266, 'test', 143, 1, '111105'),
(267, 'test', 103, 0, '111105'),
(268, 'test', 223, 0, '111105'),
(269, 'test', 145, 0, '111105'),
(270, 'test', 256, 1, '111105'),
(271, 'test', 12, 1, '111105'),
(272, 'test', 207, 1, '111105'),
(273, 'test', 222, 1, '111105'),
(274, 'test', 177, 1, '111105'),
(275, 'test', 199, 1, '111105'),
(276, 'test', 146, 0, '111105'),
(277, 'test', 132, 1, '111105'),
(278, 'test', 136, 1, '111105'),
(279, 'test', 190, 1, '111105'),
(280, 'test', 131, 1, '111105'),
(281, 'test', 269, 0, '111105'),
(282, 'test', 188, 0, '111105'),
(283, 'test', 92, 0, '111105'),
(284, 'test', 257, 1, '111105'),
(285, 'test', 32, 1, '111105'),
(286, 'test', 275, 1, '111105'),
(287, 'test', 78, 1, '111105'),
(288, 'test', 139, 1, '111105'),
(289, 'test', 248, 1, '111105'),
(290, 'test', 11, 0, '111105'),
(291, 'test', 158, 0, '111105'),
(292, 'test', 229, 0, '111105'),
(293, 'test', 2, 0, '111105'),
(294, 'test', 282, 0, '111105'),
(295, 'test', 289, 0, '111105'),
(296, 'test', 147, 0, '111105'),
(297, 'test', 34, 0, '111105'),
(298, 'test', 84, 0, '111105'),
(299, 'test', 62, 0, '111105'),
(300, 'test', 299, 0, '111105'),
(301, 'test', 47, 1, '111105'),
(302, 'test', 63, 1, '111105'),
(303, 'test', 129, 1, '111105'),
(304, 'test', 96, 1, '111105'),
(305, 'test', 20, 1, '111105'),
(306, 'test', 38, 1, '111105'),
(307, 'test', 15, 1, '5ff299068ee18'),
(308, 'test', 30, 1, '5ff299068ee18'),
(309, 'test', 9, 0, '5ff299068ee18'),
(310, 'test', 8, 1, '5ff299068ee18'),
(311, 'test', 2, 0, '5ff299068ee18'),
(312, 'test', 6, 1, '5ff299068ee18'),
(313, 'test', 28, 0, '5ff299068ee18'),
(314, 'test', 22, 1, '5ff299068ee18'),
(315, 'test', 16, 1, '5ff299068ee18'),
(316, 'test', 26, 1, '5ff299068ee18'),
(317, 'test', 25, 1, '5ff299068ee18'),
(318, 'test', 13, 0, '5ff299068ee18'),
(319, 'test', 21, 0, '5ff299068ee18'),
(320, 'test', 23, 0, '5ff299068ee18'),
(321, 'test', 12, 0, '5ff299068ee18'),
(322, 'test', 19, 0, '5ff299068ee18'),
(323, 'test', 11, 0, '5ff299068ee18'),
(324, 'test', 20, 0, '5ff299068ee18'),
(325, 'test', 1, 0, '5ff299068ee18'),
(326, 'test', 24, 0, '5ff299068ee18'),
(327, 'test', 7, 1, '5ff299068ee18'),
(328, 'test', 14, 1, '5ff299068ee18'),
(329, 'test', 4, 1, '5ff299068ee18'),
(330, 'test', 18, 1, '5ff299068ee18'),
(331, 'test', 10, 1, '5ff299068ee18'),
(332, 'test', 29, 1, '5ff299068ee18'),
(333, 'test', 27, 1, '5ff299068ee18'),
(334, 'test', 5, 1, '5ff299068ee18'),
(335, 'test', 3, 1, '5ff299068ee18'),
(336, 'test', 17, 0, '5ff299068ee18'),
(337, 'test', 176, 1, '111105'),
(338, 'test', 280, 1, '111105'),
(339, 'test', 23, 1, '111105'),
(340, 'test', 254, 1, '111105'),
(341, 'test', 125, 0, '111105'),
(342, 'test', 29, 1, '111105'),
(343, 'test', 269, 1, '111105'),
(344, 'test', 262, 1, '111105'),
(345, 'test', 96, 1, '111105'),
(346, 'test', 243, 1, '111105'),
(347, 'test', 140, 1, '111105'),
(348, 'test', 8, 1, '111105'),
(349, 'test', 285, 1, '111105'),
(350, 'test', 68, 1, '111105'),
(351, 'test', 48, 1, '111105'),
(352, 'test', 147, 1, '111105'),
(353, 'test', 223, 1, '111105'),
(354, 'test', 136, 1, '111105'),
(355, 'test', 289, 1, '111105'),
(356, 'test', 2, 1, '111105'),
(357, 'test', 4, 0, '111105'),
(358, 'test', 163, 0, '111105'),
(359, 'test', 172, 0, '111105'),
(360, 'test', 106, 0, '111105'),
(361, 'test', 66, 0, '111105'),
(362, 'test', 244, 0, '111105'),
(363, 'test', 218, 0, '111105'),
(364, 'test', 99, 0, '111105'),
(365, 'test', 63, 0, '111105'),
(366, 'test', 202, 1, '111105'),
(367, 'test', 167, 1, '111105'),
(368, 'test', 6, 1, '111105'),
(369, 'test', 105, 1, '111105'),
(370, 'test', 198, 1, '111105'),
(371, 'test', 112, 1, '111105'),
(372, 'test', 189, 1, '111105'),
(373, 'test', 34, 0, '111105'),
(374, 'test', 144, 0, '111105'),
(375, 'test', 182, 0, '111105'),
(376, 'test', 93, 0, '111105'),
(377, 'test', 70, 1, '111105'),
(378, 'test', 111, 1, '111105'),
(379, 'test', 122, 1, '111105'),
(380, 'test', 44, 1, '111105'),
(381, 'test', 275, 1, '111105'),
(382, 'test', 207, 1, '111105'),
(383, 'test', 79, 1, '111105'),
(384, 'test', 38, 1, '111105'),
(385, 'test', 36, 1, '111105'),
(386, 'test', 9, 1, '111105'),
(387, 'test', 87, 1, '111105'),
(388, 'test', 154, 1, '111105'),
(389, 'test', 179, 1, '111105'),
(390, 'test', 206, 1, '111105'),
(391, 'test', 43, 1, '111105'),
(392, 'test', 224, 1, '111105'),
(393, 'test', 274, 1, '111105'),
(394, 'test', 110, 1, '111105'),
(395, 'test', 148, 1, '111105'),
(396, 'test', 51, 1, '111105'),
(397, 'test', 27, 1, '111105'),
(398, 'test', 31, 1, '111105'),
(399, 'test', 164, 1, '111105'),
(400, 'test', 139, 1, '111105'),
(401, 'test', 67, 1, '111105'),
(402, 'test', 64, 1, '111105'),
(403, 'test', 245, 1, '111105'),
(404, 'test', 45, 1, '111105'),
(405, 'test', 107, 0, '111105'),
(406, 'test', 81, 0, '111105'),
(407, 'test', 267, 0, '111105'),
(408, 'test', 37, 0, '111105'),
(409, 'test', 75, 1, '111105'),
(410, 'test', 82, 1, '111105'),
(411, 'test', 127, 1, '111105'),
(412, 'test', 83, 1, '111105'),
(413, 'test', 226, 1, '111105'),
(414, 'test', 137, 1, '111105'),
(415, 'test', 196, 1, '111105'),
(416, 'test', 150, 1, '111105'),
(417, 'test', 76, 1, '111105'),
(418, 'test', 188, 1, '111105'),
(419, 'test', 146, 1, '111105'),
(420, 'test', 153, 1, '111105'),
(421, 'test', 221, 1, '111105'),
(422, 'test', 247, 1, '111105'),
(423, 'test', 291, 1, '111105'),
(424, 'test', 18, 1, '111105'),
(425, 'test', 46, 0, '111105'),
(426, 'test', 151, 0, '111105'),
(427, 'test', 54, 0, '111105'),
(428, 'test', 22, 0, '111105'),
(429, 'test', 103, 1, '111105'),
(430, 'test', 248, 1, '111105'),
(431, 'test', 168, 1, '111105'),
(432, 'test', 100, 1, '111105'),
(433, 'test', 215, 1, '111105'),
(434, 'test', 209, 1, '111105'),
(435, 'test', 183, 1, '111105'),
(436, 'test', 225, 0, '111105'),
(437, 'test', 104, 0, '111105'),
(438, 'test', 71, 0, '111105'),
(439, 'test', 62, 0, '111105'),
(440, 'test', 35, 1, '111105'),
(441, 'test', 249, 1, '111105'),
(442, 'test', 161, 1, '111105'),
(443, 'test', 128, 1, '111105'),
(444, 'test', 170, 1, '111105'),
(445, 'test', 283, 1, '111105'),
(446, 'test', 126, 1, '111105'),
(447, 'test', 227, 1, '111105'),
(448, 'test', 210, 1, '111105'),
(449, 'test', 166, 0, '111105'),
(450, 'test', 286, 0, '111105'),
(451, 'test', 5, 0, '111105'),
(452, 'test', 25, 1, '111105'),
(453, 'test', 16, 1, '111105'),
(454, 'test', 152, 1, '111105'),
(455, 'test', 165, 1, '111105'),
(456, 'test', 85, 1, '111105'),
(457, 'test', 222, 1, '111105'),
(458, 'test', 69, 1, '111105'),
(459, 'test', 159, 1, '111105'),
(460, 'test', 235, 1, '111105'),
(461, 'test', 72, 1, '111105'),
(462, 'test', 296, 1, '111105'),
(463, 'test', 41, 1, '111105'),
(464, 'test', 113, 1, '111105'),
(465, 'test', 261, 1, '111105'),
(466, 'test', 15, 1, '111105'),
(467, 'test', 80, 1, '111105'),
(468, 'test', 185, 1, '111105'),
(469, 'test', 26, 1, '111105'),
(470, 'test', 17, 1, '111105'),
(471, 'test', 295, 1, '111105'),
(472, 'test', 78, 1, '111105'),
(473, 'test', 293, 1, '111105'),
(474, 'test', 246, 1, '111105'),
(475, 'test', 203, 1, '111105'),
(476, 'test', 195, 1, '111105'),
(477, 'test', 253, 1, '111105'),
(478, 'test', 193, 1, '111105'),
(479, 'test', 42, 1, '111105'),
(480, 'test', 194, 1, '111105'),
(481, 'test', 20, 0, '111105'),
(482, 'test', 114, 0, '111105'),
(483, 'test', 3, 0, '111105'),
(484, 'test', 178, 0, '111105'),
(485, 'test', 149, 1, '111105'),
(486, 'test', 49, 1, '111105'),
(487, 'test', 213, 1, '111105'),
(488, 'test', 133, 1, '111105'),
(489, 'test', 287, 1, '111105'),
(490, 'test', 298, 1, '111105'),
(491, 'test', 241, 0, '111105'),
(492, 'test', 56, 0, '111105'),
(493, 'test', 242, 0, '111105'),
(494, 'test', 256, 1, '111105'),
(495, 'test', 11, 1, '111105'),
(496, 'test', 60, 1, '111105'),
(497, 'test', 14, 1, '111105'),
(498, 'test', 279, 1, '111105'),
(499, 'test', 57, 1, '111105'),
(500, 'test', 30, 1, '111105'),
(501, 'test', 47, 1, '111105'),
(502, 'test', 132, 1, '111105'),
(503, 'test', 200, 0, '111105'),
(504, 'test', 271, 0, '111105'),
(505, 'test', 59, 0, '111105'),
(506, 'test', 130, 1, '111105'),
(507, 'test', 138, 1, '111105'),
(508, 'test', 52, 1, '111105'),
(509, 'test', 268, 1, '111105'),
(510, 'test', 276, 1, '111105'),
(511, 'test', 50, 1, '111105'),
(512, 'test', 109, 0, '111105'),
(513, 'test', 278, 0, '111105'),
(514, 'test', 290, 0, '111105'),
(515, 'test', 97, 0, '111105'),
(516, 'test', 73, 1, '111105'),
(517, 'test', 94, 1, '111105'),
(518, 'test', 219, 0, '111105'),
(519, 'test', 145, 0, '111105'),
(520, 'test', 211, 0, '111105'),
(521, 'test', 173, 1, '111105'),
(522, 'test', 300, 1, '111105'),
(523, 'test', 234, 1, '111105'),
(524, 'test', 108, 0, '111105'),
(525, 'test', 232, 0, '111105'),
(526, 'test', 74, 0, '111105'),
(527, 'test', 95, 1, '111105'),
(528, 'test', 117, 1, '111105'),
(529, 'test', 32, 1, '111105'),
(530, 'test', 24, 0, '111105'),
(531, 'test', 204, 0, '111105'),
(532, 'test', 250, 0, '111105'),
(533, 'test', 258, 0, '111105'),
(534, 'test', 121, 0, '111105'),
(535, 'test', 58, 0, '111105'),
(536, 'test', 169, 0, '111105'),
(537, 'test', 299, 0, '111105'),
(538, 'test', 233, 0, '111105'),
(539, 'test', 89, 0, '111105'),
(540, 'test', 157, 0, '111105'),
(541, 'test', 197, 0, '111105'),
(542, 'test', 123, 0, '111105'),
(543, 'test', 272, 0, '111105'),
(544, 'test', 116, 0, '111105'),
(545, 'test', 192, 0, '111105'),
(546, 'test', 10, 0, '111105'),
(547, 'test', 131, 0, '111105'),
(548, 'test', 228, 0, '111105'),
(549, 'test', 181, 0, '111105'),
(550, 'test', 266, 0, '111105'),
(551, 'test', 174, 0, '111105'),
(552, 'test', 175, 0, '111105'),
(553, 'test', 288, 0, '111105'),
(554, 'test', 201, 0, '111105'),
(555, 'test', 190, 0, '111105'),
(556, 'test', 84, 0, '111105'),
(557, 'test', 92, 0, '111105'),
(558, 'test', 142, 0, '111105'),
(559, 'test', 21, 0, '111105'),
(560, 'test', 156, 0, '111105'),
(561, 'test', 115, 0, '111105'),
(562, 'test', 155, 0, '111105'),
(563, 'test', 292, 0, '111105'),
(564, 'test', 212, 0, '111105'),
(565, 'test', 7, 0, '111105'),
(566, 'test', 53, 0, '111105'),
(567, 'test', 88, 0, '111105'),
(568, 'test', 120, 1, '111105'),
(569, 'test', 265, 1, '111105'),
(570, 'test', 61, 1, '111105'),
(571, 'test', 240, 1, '111105'),
(572, 'test', 98, 0, '111105'),
(573, 'test', 124, 0, '111105'),
(574, 'test', 237, 0, '111105'),
(575, 'test', 28, 1, '111105'),
(576, 'test', 186, 1, '111105'),
(577, 'test', 252, 1, '111105'),
(578, 'test', 259, 0, '111105'),
(579, 'test', 208, 0, '111105'),
(580, 'test', 217, 0, '111105'),
(581, 'test', 1, 0, '111105'),
(582, 'test', 91, 0, '111105'),
(583, 'test', 294, 1, '111105'),
(584, 'test', 86, 1, '111105'),
(585, 'test', 184, 1, '111105'),
(586, 'test', 220, 1, '111105'),
(587, 'test', 160, 1, '111105'),
(588, 'test', 101, 1, '111105'),
(589, 'test', 134, 1, '111105'),
(590, 'test', 39, 1, '111105'),
(591, 'test', 135, 1, '111105'),
(592, 'test', 141, 1, '111105'),
(593, 'test', 273, 1, '111105'),
(594, 'test', 187, 1, '111105'),
(595, 'test', 180, 1, '111105'),
(596, 'test', 199, 1, '111105'),
(597, 'test', 177, 1, '111105'),
(598, 'test', 263, 1, '111105'),
(599, 'test', 13, 1, '111105'),
(600, 'test', 102, 1, '111105'),
(601, 'test', 231, 1, '111105'),
(602, 'test', 55, 1, '111105'),
(603, 'test', 239, 1, '111105'),
(604, 'test', 205, 1, '111105'),
(605, 'test', 65, 1, '111105'),
(606, 'test', 191, 1, '111105'),
(607, 'test', 77, 1, '111105'),
(608, 'test', 281, 1, '111105'),
(609, 'test', 171, 1, '111105'),
(610, 'test', 270, 0, '111105'),
(611, 'test', 162, 0, '111105'),
(612, 'test', 257, 0, '111105'),
(613, 'test', 129, 0, '111105'),
(614, 'test', 33, 0, '111105'),
(615, 'test', 282, 1, '111105'),
(616, 'test', 264, 1, '111105'),
(617, 'test', 236, 1, '111105'),
(618, 'test', 284, 0, '111105'),
(619, 'test', 297, 0, '111105'),
(620, 'test', 119, 0, '111105'),
(621, 'test', 19, 0, '111105'),
(622, 'test', 238, 0, '111105'),
(623, 'test', 216, 0, '111105'),
(624, 'test', 158, 0, '111105'),
(625, 'test', 230, 0, '111105'),
(626, 'test', 40, 0, '111105'),
(627, 'test', 229, 0, '111105'),
(628, 'test', 143, 0, '111105'),
(629, 'test', 277, 0, '111105'),
(630, 'test', 12, 0, '111105'),
(631, 'test', 260, 0, '111105'),
(632, 'test', 118, 0, '111105'),
(633, 'test', 90, 0, '111105'),
(634, 'test', 251, 0, '111105'),
(635, 'test', 255, 0, '111105'),
(636, 'test', 218, 1, '111105'),
(637, 'test', 42, 0, '111105'),
(638, 'test', 220, 0, '111105'),
(639, 'test', 58, 1, '111105'),
(640, 'test', 161, 1, '111105'),
(641, 'test', 295, 1, '111105'),
(642, 'test', 134, 1, '111105'),
(643, 'test', 129, 1, '111105'),
(644, 'test', 290, 1, '111105'),
(645, 'test', 19, 1, '111105'),
(646, 'test', 249, 1, '111105'),
(647, 'test', 275, 1, '111105'),
(648, 'test', 208, 1, '111105'),
(649, 'test', 151, 1, '111105'),
(650, 'test', 256, 1, '111105'),
(651, 'test', 127, 1, '111105'),
(652, 'test', 175, 1, '111105'),
(653, 'test', 62, 1, '111105'),
(654, 'test', 70, 1, '111105'),
(655, 'test', 0, 1, '111105'),
(656, 'test', 83, 0, '111105'),
(657, 'test', 116, 0, '111105'),
(658, 'test', 18, 1, '111105'),
(659, 'test', 63, 1, '111105'),
(660, 'test', 88, 1, '111105'),
(661, 'test', 50, 1, '111105'),
(662, 'test', 58, 1, '111105'),
(663, 'test', 67, 1, '111105'),
(664, 'test', 79, 1, '111105'),
(665, 'test', 106, 0, '111105'),
(666, 'test', 84, 0, '111105'),
(667, 'test', 95, 0, '111105'),
(668, 'test', 114, 0, '111105'),
(669, 'test', 5, 1, '111105'),
(670, 'test', 20, 1, '111105'),
(671, 'test', 41, 1, '111105'),
(672, 'test', 60, 1, '111105'),
(673, 'test', 108, 0, '111105'),
(674, 'test', 72, 0, '111105'),
(675, 'test', 35, 0, '111105'),
(676, 'test', 49, 1, '111105'),
(677, 'test', 118, 1, '111105'),
(678, 'test', 89, 1, '111105'),
(679, 'test', 7, 1, '111105'),
(680, 'test', 93, 1, '111105'),
(681, 'test', 36, 1, '111105'),
(682, 'test', 33, 1, '111105'),
(683, 'test', 56, 0, '111105'),
(684, 'test', 54, 0, '111105'),
(685, 'test', 14, 0, '111105'),
(686, 'test', 85, 1, '111105'),
(687, 'test', 73, 1, '111105'),
(688, 'test', 25, 1, '111105'),
(689, 'test', 47, 1, '111105'),
(690, 'test', 31, 0, '111105'),
(691, 'test', 69, 0, '111105'),
(692, 'test', 94, 0, '111105'),
(693, 'test', 62, 0, '111105'),
(694, 'test', 92, 1, '111105'),
(695, 'test', 100, 1, '111105'),
(696, 'test', 76, 1, '111105'),
(697, 'test', 77, 1, '111105'),
(698, 'test', 57, 1, '111105'),
(699, 'test', 9, 1, '111105'),
(700, 'test', 65, 1, '111105'),
(701, 'test', 23, 1, '111105'),
(702, 'test', 104, 0, '111105'),
(703, 'test', 40, 0, '111105'),
(704, 'test', 115, 0, '111105'),
(705, 'test', 32, 1, '111105'),
(706, 'test', 107, 1, '111105'),
(707, 'test', 29, 1, '111105'),
(708, 'test', 51, 1, '111105'),
(709, 'test', 53, 0, '111105'),
(710, 'test', 42, 0, '111105'),
(711, 'test', 39, 0, '111105'),
(712, 'test', 64, 0, '111105'),
(713, 'test', 13, 1, '111105'),
(714, 'test', 101, 1, '111105'),
(715, 'test', 10, 1, '111105'),
(716, 'test', 15, 1, '111105'),
(717, 'test', 1, 1, '111105'),
(718, 'test', 3, 1, '111105'),
(719, 'test', 99, 0, '111105'),
(720, 'test', 110, 0, '111105'),
(721, 'test', 111, 0, '111105'),
(722, 'test', 2, 0, '111105'),
(723, 'test', 82, 1, '111105'),
(724, 'test', 37, 0, '111105'),
(725, 'test', 105, 1, '111105'),
(726, 'test', 103, 0, '111105'),
(727, 'test', 44, 1, '111105'),
(728, 'test', 24, 1, '111105'),
(729, 'test', 87, 0, '111105'),
(730, 'test', 43, 1, '111105'),
(731, 'test', 90, 0, '111105'),
(732, 'test', 91, 1, '111105'),
(733, 'test', 112, 0, '111105'),
(734, 'test', 30, 1, '111105'),
(735, 'test', 102, 0, '111105'),
(736, 'test', 22, 1, '111105'),
(737, 'test', 109, 0, '111105'),
(738, 'test', 117, 0, '111105'),
(739, 'test', 96, 1, '111105'),
(740, 'test', 46, 0, '111105'),
(741, 'test', 81, 1, '111105'),
(742, 'test', 16, 1, '111105'),
(743, 'test', 6, 0, '111105'),
(744, 'test', 86, 1, '111105'),
(745, 'test', 11, 0, '111105'),
(746, 'test', 21, 1, '111105'),
(747, 'test', 38, 0, '111105'),
(748, 'test', 45, 1, '111105'),
(749, 'test', 75, 0, '111105'),
(750, 'test', 8, 1, '111105'),
(751, 'test', 59, 1, '111105'),
(752, 'test', 27, 1, '111105'),
(753, 'test', 113, 0, '111105'),
(754, 'test', 74, 1, '111105'),
(755, 'test', 80, 0, '111105'),
(756, 'test', 98, 1, '111105'),
(757, 'test', 97, 0, '111105'),
(758, 'test', 28, 1, '111105'),
(759, 'test', 71, 0, '111105'),
(760, 'test', 66, 1, '111105'),
(761, 'test', 12, 1, '111105'),
(762, 'test', 55, 0, '111105'),
(763, 'test', 26, 1, '111105'),
(764, 'test', 52, 1, '111105'),
(765, 'test', 4, 0, '111105'),
(766, 'test', 78, 1, '111105'),
(767, 'test', 34, 0, '111105'),
(768, 'test', 68, 1, '111105'),
(769, 'test', 61, 1, '111105'),
(770, 'test', 70, 1, '111105'),
(771, 'test', 19, 1, '111105'),
(772, 'test', 17, 1, '111105'),
(773, 'test', 48, 1, '111105'),
(774, 'test', 99, 1, '111105');

-- --------------------------------------------------------

--
-- Struktur dari tabel `m_guests`
--

CREATE TABLE `m_guests` (
  `id` int(5) NOT NULL,
  `name` varchar(255) NOT NULL,
  `date_signin` datetime NOT NULL
) ENGINE=InnoDB DEFAULT CHARSET=latin1;

-- --------------------------------------------------------

--
-- Struktur dari tabel `m_questions`
--

CREATE TABLE `m_questions` (
  `id` int(10) NOT NULL,
  `no` varchar(3) NOT NULL,
  `question` text NOT NULL,
  `answer` text NOT NULL,
  `sheet` enum('primary','secondary','occupational','disaster','posting') NOT NULL,
  `category` text NOT NULL
) ENGINE=InnoDB DEFAULT CHARSET=latin1;

--
-- Dumping data untuk tabel `m_questions`
--

INSERT INTO `m_questions` (`id`, `no`, `question`, `answer`, `sheet`, `category`) VALUES
(1, '1', 'Menurut teori domino Heinrich, Teori ini menyatakan bahwa kecelakaan diakibatkan oleh rantai peristiwa berurutan seperti domino jatuh dan ketika salah satu domino jatuh, memicu kecelakaan yang berikutnya. Lima faktor kecelakaan berurutan yang menyebabkan cedera: <br><br>\r\nPertanyaannya : Faktor mana yang paling dominan menyebabkan kecelakaan kerja ?', 'Perlaku dan kondisi tidak aman', 'primary', ''),
(2, '2', 'Tebak tokoh : Manajer sebuah perusahaan asuransi Amerika pada awal 1930-an dan mempopulerkan teori rasio  1: 29: 300 tentang kecelakaan kerja <br><br>\r\nSiapakah tokoh yang sekarang di kenal terkait dasar teknik keselamatan kerja ?', 'William Heinrich', 'primary', ''),
(3, '3', 'Apa yang dimaksud nilai 300 pada teori Heinrich tentang Heinrich 1: 29: 300?', 'Teori menyatakan bahwa untuk setiap 300 perilaku tidak aman dilakukan (near miss)', 'primary', ''),
(4, '4', 'Menurut Studi Dupont tentang penyebab kecelakaan kerja menunjukkan bahwa 96% dari kecelakaan kerja disebabkan oleh 4% disebabkan oleh kondisi tidak aman. <br><br> Apa penyebab dari 96%? ', 'Perilaku tidak aman', 'primary', ''),
(5, '5', 'Alat pelindung diri untuk terhindar cidera pada kepala adalah ?', 'Safety Helmet/ Helm Keselamatan', 'primary', ''),
(6, '6', 'Batas kecepatan di jalan utama PTKP untuk kendaraan kecil adalah ?', '40km/H', 'primary', ''),
(7, '7', 'Nomor extensi telepon untuk unit darurat PTKP adalah ?', '9113', 'primary', ''),
(8, '8', 'Putuskan aliran listrik sebelum memulai pekerjaan listrik adalah 10 SIR no ?', '9', 'primary', ''),
(9, '9', 'Daya tahan kulit manusia sekitar 2500 ohm. Namun, jika kulit Anda menjadi basah, resistensi menurun menjadi (...)sekitar satu-dalam-satu, meningkatkan risiko Anda.<br>Berapa nomor dalam tanda kurung?', '25', 'primary', ''),
(10, '10', 'Alat pengaman ini harus dipasang untuk mencegah sengatan listrik dengan kebocoran listrik di sirkuit listrik mesin listrik tekanan rendah yang digunakan di tempat basah dengan cairan konduktivitas tinggi seperti daya dan air mesin listrik portabel atau portabel dengan tegangan tanah melebihi 150 volt.<br>Apa alat pengaman ini ?', 'Pemutus Kebocoran Bumi', 'primary', ''),
(11, '11', '\"Earth leakage breaker \"untuk perlindungan manusia adalah pemutus dengan sensitivitas terukur (A) atau kurang dan waktu operasi (B) atau kurang. <br>Berapa angka untuk A dan B?', 'A: 30, B: 0,03', 'primary', ''),
(12, '12', 'Risiko sengatan listrik pada tubuh manusia, akan berbeda. <br>Di mana dan di mana rute energi yang paling berbahaya? ', 'Tangan-dada kiri', 'primary', ''),
(13, '13', 'Menurut OSHAS 18001, tempat kerja harus melakukan audit internal selama setidaknya satu tahun (...) untuk implementasi dan pemeliharaan semua elemen sistem keselamatan dan kesehatan. <br>(....) Apa kata yang tepat?', '1 Kali', 'primary', ''),
(14, '14', 'Batas minimal ketinggian untuk pekerjaan yang menggunakan Body Harnes sesuai 10 SIR adalah?', '2 Meter', 'primary', ''),
(15, '15', 'Batas kecepatan dijalan arteri untuk truk dengan muatan adalah ?', '20km/H', 'primary', ''),
(16, '16', 'Alat Pengaman pada Tabung Oxygen & Accetylene yang berfungsi untuk mencegah terjadinya kebakaran jika terdapat kebocoran pada selang adalah ?', 'Flashback Arrestor', 'primary', ''),
(17, '17', 'PTKP secara aktif melakukan kegiatan TBM untuk secara efektif mengidentifikasi potensi risiko dan menghilangkan faktor risiko sebelum bekerja. Pelatihan prediksi risiko untuk TBM yang efektif terdiri dari empat tahap: Identifikasi bahaya tempat kerja , penyebab risiko yang dapat terjadi, (...) dan periksa kesesuaian langkah pencegahan. <br>Apakah isian yang tepat pada ( ... ) ?', 'Menentukan langkah pencegahan', 'primary', ''),
(18, '18', '\"Pentingnya merefresh pelatihan dalam keselamatan adalah menghindari  keselamatan (...)  agar Memikirkan kembali pengalaman atau perilaku yang dipelajari seseorang dan meninggalkan mereka tanpa menerapkannya pada pekerjaan mereka.\"<br>(...) Apa kata yang tepat untuk dimasukkan?\"', 'Terlupakan', 'primary', ''),
(19, '19', 'APD yang digunakan untuk Bekerja di Ketinggian?', 'Full body harness', 'primary', ''),
(20, '20', 'Apa warna tagging Scaffolding yang menunjukan Aman untuk di gunakan', 'Tagging Hijau', 'primary', ''),
(21, '21', 'Posisi leader melakukan kegiatan yang bertujuan untuk membangun budaya keselamatan yang otonom dengan melindungi pekerja dari risiko cedera dengan meningkatkan perilaku dan kondisi yang tidak aman melalui pengamatan perilaku pekerja, membangun dialog positif dan rasa saling percaya, mendorong perubahan perilaku pekerja. <br>Apa yang menjadi sistem (teknik)? (Tulis dalam bahasa Inggris)', 'SAO', 'primary', ''),
(22, '22', 'POSCO mengoperasikan sistem SAO untuk membangun budaya keselamatan yang otonom. Prosedur SAO akan dilakukan dengan urutan sebagai berikut: \"Berhenti\" - (A) - (B) - \"Laporan\". <br>() Kata mana yang sesuai untuk A dan B?', 'A : Observasi, B : Periksa Prilaku', 'primary', ''),
(23, '23', 'Dalam proses SAO, terdapat enam item dalam fase observasi, yaitu ; Reaksi pekerja, lokasi dan posisi pekerja, Alat Pelindung Diri (APD), alat & peralatan kerja, metode dan prosedur kerja, dan (...) (...) Apa kata yang tepat pada dalam kurung ?', 'Kebersihan', 'primary', ''),
(24, '24', 'Siapa yang harus mengelola TBM dalam kegiatan TBM untuk mengidentifikasi risiko potensial dan mengambil tindakan pencegahan sebelum bekerja?', 'Leader Pekerja', 'primary', ''),
(25, '25', 'Kami menyadari bahwa keselamatan adalah nilai tertinggi bagi kemanusiaan.\r\nDengan saling menjaga dan (...), mari ciptakan tempat kerja yang aman untuk kebahagiaan bersama', 'Mengutamakan Keselamatan', 'primary', ''),
(26, '26', 'PTKP sedang melakukan deteksi gas untuk mencegah keracunan karbon monoksida.<br>Berapakah ppm atau di bawah konsentrasi CO dalam PTKP ? ', 'Kurang dari 25 ppm', 'primary', ''),
(27, '27', 'Apa warna kunci untuk kunci pekerja individu dalam kunci individu / grup dalam operasi ILS?', 'Merah', 'primary', ''),
(28, '28', 'Pekerjaan ruang terbatas harus mengukur konsentrasi gas sebelum bekerja untuk memastikan keselamatan pekerja sesuai dengan Standar Keselamatan dan Kesehatan Industri. Pada saat ini, siapa yang bertanggung jawab untuk mengukur udara di tempat kerja sebelum mulai bekerja?', 'Pengawas', 'primary', ''),
(29, '29', 'Tali keselamatan saat bekerja di ketinggian jika tidak ada Angkur Point di sebut', 'Life Line', 'primary', ''),
(30, '30', 'Fisika, Kimia, Biologi, Ergonomi dan Psikologi merupakan faktor (...) pada tempat kerja. <br>Apa kata yang tepat di dalam kurung ?', 'Faktor Bahaya', 'primary', ''),
(31, '31', 'POSCO Safety Day adalah peringatan untuk mengingatkan pentingnya keselamatan.\r\n<br>Kapan peringatan Posco Safety Day tersebut ?', '24 April', 'primary', ''),
(32, '32', 'Menurut Prosedur Keselamatan dan Kesehatan Kerja dengan Scaffollding<br>Berapa kilogram beban muat maksimum platform kerja? ', '225 kg', 'primary', ''),
(33, '33', 'Menurut prosedur keselamatan dan kesehatan kerja, pengusaha diharuskan untuk membuat iluminasi yang sesuai di permukaan tempat pekerja bekerja setiap saat. <br>Berapakah minimum standard lux untuk kategori pekerjaan normal ?', '150', 'primary', ''),
(34, '34', 'Berapa jarak dalam centimeter antara pijakan kaki tangga (step ladder) dengan dinding tempat struktur tangga terpasang ?', '15', 'primary', ''),
(35, '35', 'Menurut regulasi pemerintah Indonesia, Jika kecelakaan industri terjadi, berapa lama laporan di persiapkan untuk dilaporkan kepada petugas pemerintah ?', '2 x 24 Jam', 'primary', ''),
(36, '36', 'Apa alat untuk mencegah agar tali kawat kait dari alat angkat berat tidak terlepas dari kaitannya?', 'Hook Safety Latch', 'primary', ''),
(37, '37', 'Untuk mencegah risikodari benda  jatuh, dll. Di bagian bawah pagar dipasang toe board<br>Berapa tinggi Toe board ?', '10 cm', 'primary', ''),
(38, '38', 'Sebutkan 5 pengendalian bahaya dan resiko secara berurutan (soal di balik)', '1. Eliminasi, 2. Subtitusi, 3. Engineering Control, 4. Administrasi, 5.PPE', 'primary', ''),
(39, '39', '<b>Segitiga Tanda Seru</b>, Apa artinya tanda-tanda tersebut?', 'Peringatan Lokasi Berbahaya', 'primary', ''),
(40, '40', 'Berikut ini adalah jenis Rambu keselamatan yaitu larangan, peringatan, pedoman dan instruksi. Jenis rambu apakah untuk penggunaan safety helmet ?', 'Instruksi', 'primary', ''),
(41, '41', 'Berikut ini adalah jenis Rambu keselamatan yaitu larangan, peringatan, pedoman dan instruksi. Jenis rambu apakah yang terpasang pada \"fasilitas emergency wash\"?', 'Pedoman', 'primary', ''),
(42, '42', 'Silinder gas asetilena di simpan dalam keadaan tegak, O jika benar, X sebaliknya', 'O (Benar)', 'primary', ''),
(43, '43', 'Detektor gas di tempat penyimpanan LPG (Liquid Petroleum Gas) dipasang pada jarak 30 cm dari lantai. <br>O jika ya, X jika salah', 'O (Iya)', 'primary', ''),
(44, '44', 'Pengusaha harus menetapkan dan membentuk (...) yang melibatkan pekerja dan perwakilan pengusaha untuk dapat berunding dan memberikan informasi terkait keselamatan dan kesehatan kerja. <br>Apakah kata yang tepat pada dalam kurung (...)tersebut ?', 'Komite Keselamatan dan Kesehatan Kerja', 'primary', ''),
(45, '45', 'Terdapat 6 proses tahapan dapam penilaian risiko yaitu : <br>\r\n1. Persiapan dan penentuan target penilaian<br>\r\n2. Identifikasi bahaya yang terkait dengan proses pekerjaan<br>\r\n3. Prediksi risiko dan bahaya yang dapat diidentifikasi<br>\r\n4. Penentuan apakah risiko yang diperkirakan merupakan risiko yang dapat diterima<br>\r\n5. (...)<br>\r\n6. Rincian dari hasil penilaian risiko berupa catatan<br>\r\nSebutkan langkah pada tahapan nomor 5 !', 'Tindakan Pengurangan Resiko', 'primary', ''),
(46, '1', 'Tingkat kecelakaan industri Korea telah menurun secara signifikan sejak 1980, ketika Undang-Undang Keselamatan dan Kesehatan Industri diberlakukan.<br>Berkurang dari tahun ke tahun. Namun, tingkat kecelakaan industri Korea masih enam kali lebih tinggi daripada di negara-negara maju seperti AS, Jepang, dan Inggris.', 'X', 'secondary', ''),
(47, '2', 'Berapa Nilai ambang Batas Untuk Kebisingan 8 jam kerja tanpa proteksi ?', '85 Desibel (dB)', 'secondary', ''),
(48, '3', '() Adalah perangkat yang menghalangi transmisi daya oleh pekerja di lokasi pekerjaan selama operasi.', 'Berhenti Darurat', 'secondary', ''),
(49, '4', 'Sangatlah penting untuk menghubungkan tali kawat tipis di antara perangkat keselamatan konveyor sabuk dan menariknya keluar dalam keadaan darurat.<br>Apa nama sakelar yang bisa dihentikan?', 'Sakelar Kabel Penuh (Sakelar Kabel Tarik)', 'secondary', ''),
(50, '5', 'Sebutkan tugas utama Confirmer sesuai prosedur ILS', 'Memeriksa sumber energi yang dimatikan sudah sesuai dan memberikan larangan mengoperasikan', 'secondary', ''),
(51, '6', 'Sepatu safety seperti apa yang melindungi kaki Anda dari risiko benda jatuh, benturan, atau tertusuk benda tajam?', 'Sepatu Safety Karet', 'secondary', ''),
(52, '7', 'Peralatan pelindung untuk melindungi pekerja sebagian besar dibagi menjadi (A) peralatan pelindung seperti safety helmet, safety shoes dan body harness, dan (B) peralatan pelindung seperti safety glass, ear plug, dan masker respirator.<br>Apa yang Anda maksud dengan A dan B di ()?', 'A: Safety, B: Hygiene Industri', 'secondary', ''),
(53, '8', 'Berapakah Nilai Ambang Batas (NAB) Aman kadar oksigen bagi tubuh manusia didalam suatu ruangan Kerja ?', '18.5% ~ 23.5%', 'secondary', ''),
(54, '9', 'Tingkat mana yang sesuai dengan tingkat keselamatan satu sama lain dalam kurva Bradley yang mewakili tingkat budaya keselamatan?', 'Level keamanan bersama', 'secondary', ''),
(55, '10', 'Untuk mencegah sengatan listrik oleh arus bolak balik pada  mesin las, alat pengaman mana yang menjaga tegangan output di bawah 30V dalam 1,5 detik saat menunggu pengelasan (tanpa beban)?', 'Perangkat pencegahan sengatan listrik otomatis', 'secondary', ''),
(56, '11', 'Resiko apa yang dapat terjadi karena terkena benda yang terjatuh dari ketinggian dan mengenai seseorang ?', 'Tertimpa', 'secondary', ''),
(57, '12', 'Menurut model keju Swiss, pencegahan adalah prioritas utama untuk mencegah kecelakaan. Dari () Untuk mencegah hal ini, minimalkan cacat perangkat keselamatan dan sistem pencegahan untuk mencegah kecelakaan. Bertujuan untuk meminimalkan.<br>Apa kata yang tepat di ()?', 'Kesalahan Manusia', 'secondary', ''),
(58, '13', 'Jika penilaian risiko telah dilakukan, berapa lama catatan implementasi dan hasilnya disimpan?', '3 Tahun', 'secondary', ''),
(59, '14', 'Cegah ledakan karena tekanan berlebih pada fasilitas seperti bejana tekan, kompresor pemindahan positif, dan perpipaan<br>Untuk mencegah ledakan, katup pengaman () dengan kinerja dan spesifikasi tahan ledakan harus dipasang.<br>Apa kata yang tepat di ()?', 'Disk Pecah', 'secondary', ''),
(60, '15', '() Mengacu pada perangkat seperti katup pengaman dan katup pembongkaran yang dipasang untuk mencegah kenaikan tekanan berlebihan dari bejana tekan yang terpasang pada kompresor udara.<br>Apa kata yang tepat di ()?', 'Perangkat Pelepas Tekanan', 'secondary', ''),
(61, '16', 'Pada saat ini, manajemen keselamatan pada perusahaan subkontraktor semakin di tingkatkan.<br>Manakah dari berikut ini yang tidak sesuai untuk langkah-langkah keselamatan dan kesehatan dengan subkontraktor untuk mencegah kecelakaan kerja?\r\n', 'Penyediaan dan Pengelolaan alat pelindung diri untuk kontraktor', 'secondary', ''),
(62, '17', 'Undang-undang Keselamatan dan Kesehatan Kerja menetapkan kewajiban keselamatan wajib bagi pengawas.<br>Manakah dari berikut ini yang bukan pekerjaan supervisor?', 'Berhenti dan Lanjutkan pekerjaan', 'secondary', ''),
(63, '18', 'Fasilitas pelindung dari besi sebagai (...) harus dipasang sebagai tindakan keselamatan pengoperasian mesin dan peralatan.', 'Alat pelindung terhindar dari mata pisau', 'secondary', ''),
(64, '19', 'Berapa batas akses ke konverter pengisian AC 440V?', '30cm', 'secondary', ''),
(65, '20', 'Berapakah Standard rasio Kemiringan Tangga aman di gunakan untuk bekerja di ketinggian?', '4 : 1', 'secondary', ''),
(66, '21', 'Untuk mencegah kecelakaan kerja pada pabrik baja, pengusaha harus menghentikan pekerjaan baja dalam kasus-kasus berikut. berikut ini kondisi mana yang tidak tepat?', 'Suhu di atas 30 derajat Celcius', 'secondary', ''),
(67, '22', 'Sepatu Safety dari bahan kulit yang melindungi kaki Anda dari risiko terjatuh, terkena benturan, atau tertusuk oleh benda-benda tajam secara aturan regulasi harus mengikuti pada empat tes pengujian.<br>Manakah dari berikut ini yang tidak benar?', 'uji ketahanan kimia', 'secondary', ''),
(68, '23', 'Manakah dari berikut ini yang bukan mesin berbahaya untuk diperiksa?', 'Mesin Bor', 'secondary', ''),
(69, '24', 'Berikut ini mana yang tidak sesuai dengan pelatihan keselamatan dan kesehatan supervisor sehubungan dengan keselamatan dan pendidikan kesehatan dalam proyek?', 'Hal-hal yang berkaitan dengan promosi kesehatan dan pencegahan penyakit', 'secondary', ''),
(70, '25', 'KRAKATAU POSCO mengangkut material barang dengan  metode kargo. Tali kawat baja yang digunakan sebagai pengingat material atau barang pada truk dilarang digunakan jika kondisi terbelit, rusak parah, atau (...).<br>Apa kata yang tepat pada dalam kurung(...)?', 'Korosi', 'secondary', ''),
(71, '26', 'Fasilitas emergency shower dan (...) harus dipasang di tempat kerja di mana bahan kimia berbahaya yang mendapat izin digunakan untuk kemudahan penggunaan, dan ketika fasilitas digunakan maka Installasi pipa air harus di rawat dan menjaga agar air selalu bersih.<br>Apa kata yang tepat di dalam kurung (...)?', 'Emergency eye (facial) shower', 'secondary', ''),
(72, '27', 'Jika terjadi kecelakaan kerja, maka empat poin berikut harus tercatat dalam laporan yaitu ?', '4) Rencana pencegahan pengulangan kecelakaan kerja', 'secondary', ''),
(73, '28', 'Boiler dilengkapi dengan perangkat pelepas tekanan, (...), dan Perangkat kontrol ketinggian air yang harus dipasang dan dirawat.<br>Apa kata yang tepat dalam (...)?', 'Saklar Batas Tekanan', 'secondary', ''),
(74, '29', 'Untuk pengoperasian boiler yang aman, satu atau dua perangkat pelepas tekanan yang memenuhi spesifikasi boiler harus dipasang dan dioperasikan pada ().<br>Apa kata yang tepat di ()?', 'Tekanan Operasi', 'secondary', ''),
(75, '30', 'Apa kandungan karbon monoksida (CO) tertinggi di antara gas hasil samping dalam POSCO?', 'LDG', 'secondary', ''),
(76, '31', 'Penyumbat telinga dan penutup telinga harus dipakai secara bersamaan di lebih dari 115 dB (A) di pabrik baja.<br>O jika benar, X jika salah', 'O (Benar)', 'secondary', ''),
(77, '32', 'Menurut standar POSCO, semua respirator udara memiliki konsentrasi oksigen 18% atau lebih dan 23,5%.<br>Pakailah jika di luar kisaran di bawah <strike>dan</strike> atau di atas 150 ppm CO.<br>O jika benar, X jika salah', 'X (Salah)', 'secondary', ''),
(78, '33', 'Jika terjadi kecelakaan kerja,maka standar pertolongan pertama adalah sebagai berikut.<br>(...) ? Petugas penyelamat dan pertolongan pertama [menghubungi Safety Team] ? Pemberitahuan kepada atasan (Sistem Laporan) ? 2<br>Pencegahan Kecelakaan kerja serupa ? Mengunjungi lokasi  (sampai investigasi selesai). <br>Dari tahapan proses tersebut, hal pertama yang harus diambil jika terjadi kecelakaan kerja pada dalam kurung (...) adalah ?', 'Hentikan mesin', 'secondary', ''),
(79, '34', 'Hasil investigasi kecelakaan kerja dengan analisis terperinci dan investigasi terperinci tentang penyebab kejadian kecelakaan kerja di departemen terjadinya kecelakaan kerja dan departemen keselamatan dan kesehatan untuk mengambil tindakan pencegahan terhadap bencana serupa atau serupa di KRAKATAU POSCO.<br>Jika saya membuat laporan.<br>Berapa lama periode retensi untuk laporan kecelakaan kerja? ', 'Permanen', 'secondary', ''),
(80, '35', 'Di KRAKATAU POSCO, sejumlah pekerja dengan afiliasi yang berbeda, seperti operasi, maintenance, dan perusahaan konstruksi, berpartisipasi bersama.<br>Ketika pekerjaan konstruksi berlangsung dapat menyebabkan (...).<br>Jadi kami mengoperasikan standar manajemen keselamatan untuk commissioning untuk mencegah kecelakaan.<br>(...) Apa kata yang tepat di dalam? \"', 'Kecelakaan kerja serius', 'secondary', ''),
(81, '36', 'Pada prosedur KRAKATAU POSCO, untuk memastikan keselamatan selama pekerjaan commissioning, ketua tim commissioning harus membuat rencana manajemen keselamatan untuk commissioning. Rencana manajemen keselamatan commissioning tersebut termasuk inspeksi pendahuluan, penting untuk menangani hal-hal yang diperlukan untuk mengamankan keselamatan, seperti faktor risiko bencana, tindakan pencegahan keselamatan, dan (...).<br>(...) Apa kata yang tepat di dalam?', 'Penilaian Risiko', 'secondary', ''),
(82, '37', 'Point manakah berikut ini yang tahapannya tidak sesuai dengan prosedur TBM KRAKATAU POSCO ?<br><br>1) Pemberian informasi yang jelas tentang fasilitas operasi terkait area pekerjaan oleh karyawan(departemen operasi dan pemeliharaan)<br>2) Menentukan target isolasi sumber energi terkait proses pekerjaan<br>3) Menentukan peran pekerja<br>4) Mengidentifikasi faktor-faktor risiko potensial dan mengambil tindakan pencegahan sebelum dalam proses bekerja  ', '3', 'secondary', ''),
(83, '38', 'Di pabrik baja, semua mobil harus diparkir di lokasi yang ditentukan untuk keselamatan lalu lintas, Parkir dilarang di tempat-tempat berikut. Manakah dari berikut ini yang tidak benar?', 'Dalam 60M sebelum dan sesudah penyeberangan', 'secondary', ''),
(84, '39', 'KRAKATAU POSCO menerapkan sistem izin kerja keselamatan (work permit) agar memenuhi poin keselamatan sebelum bekerja dengan kentuan sebagai berikut :<br>(A) Ruang lingkup penerapan work permit adalah selama komisioning atau operasi di tempat kerja di mana potensi bahaya ada.<br>(B) Berlaku saat melakukan pekerjaan (...)<br>Apa yang Anda maksud dalam tanda kurung (...)?', 'Perawatan', 'secondary', ''),
(85, '40', 'Apa perilaku tiba-tiba seorang pekerja yang diamati selama 10 hingga 30 detik ketika seseorang muncul di tempat kerja di antara pengamatan SAO?', 'Reaksi Pekerja', 'secondary', ''),
(86, '41', 'Metode penguncian pada prosedur ILS dengan ketika sejumlah besar pekerja berpartisipasi dan fasilitas yang dalam kondisi \"off\" dan terkunci untuk memastikan keselamatan,<br>Apa itu yang disebut dengan metode penguncian tersebut?', 'Penguncian grup', 'secondary', ''),
(87, '42', 'Warna padlock apa yang digunakan sebagai penanda bahwa akses kontrol pada pintu di batasi untuk menghindari gangguan operasi pada sistem akses kontrol ?', 'Ungu', 'secondary', ''),
(88, '43', 'Jika nearmiss terjadi, berapa hari karyawan harus melapor pada Sistem Keselamatan dan Kesehatan Global ', '7 Hari', 'secondary', ''),
(89, '44', 'Berapa nilai level nearmiss berdasarkan risiko?', 'Grade 4 (Tingkat/Level)', 'secondary', ''),
(90, '45', 'Pada lingkungan kerja dengan intensitas kebisingan 94 dB, berapa lama pemaparan yang diizinkan untuk pekerja bisa bekerja ditempat tersebut tanpa proteksi ?', '1 jam/hari', 'secondary', ''),
(91, '46', 'Berapa lama batas waktu untuk melaporkan terjadinya kecelakaan kerja ?', '2 x 24 Jam', 'secondary', ''),
(92, '1', 'Apa data yang memberi tahu pekerja nama, bahaya, bahaya, sifat fisiko-kimia dari bahan kimia atau preparat yang mengandung bahan kimia, dan apa yang harus dilakukan jika terjadi kebocoran?', 'Lembar Data Keselamatan Bahan atau MSDS', 'occupational', 'MSDS'),
(93, '2', 'Tujuan komunitas sanitasi industri di tempat kerja adalah untuk meningkatkan lingkungan kerja.<br>Apakah Anda menggunakan kata-kata yang tepat? ', 'Pencegahan penyakit akibat kerja', 'occupational', 'Work Environment'),
(94, '3', 'Ketika terhirup dalam periode waktu lama, dapat penyebabkan luka dan bisul pada saluran pernapasan.<br>Senyawa apa (non-asbestos) yang menjadi penyebab penyakit akibat kerja tersebut ?', 'Chrome atau Senyawa Kromium', 'occupational', 'Work Environment'),
(95, '4', 'Apakah kekurangan oksigen mengacu pada kondisi kurang dari berapa persen oksigen di udara?', 'Kurang dari 18%', 'occupational', 'Confined space'),
(96, '5', 'Kekuatan seperti kekuatan berlebihan, gerakan berulang, postur kerja yang tidak benar, kontak fisik dengan permukaan yang tajam, getaran, dan suhu dapat merusak otot, saraf, tendon, ligamen, dan persendian. Apakah ini disebut?', 'Penyakit Muskuloskeletal', 'occupational', 'Musculoskeletal System'),
(97, '6', 'Untuk memahami lingkungan kerja, majikan.<br>Apa yang Anda katakan dengan membuat rencana pengukuran untuk mengumpulkan sampel dan menganalisis serta mengevaluasinya? ', 'Pengukuran lingkungan kerja', 'occupational', 'Work Environment'),
(98, '7', 'Manakah dari berikut ini yang merupakan jalan terpanjang bagi zat berbahaya untuk menembus tubuh manusia?', 'Sistem saraf', 'occupational', 'Work Environment'),
(99, '8', 'Berapa frekuensi gangguan pendengaran yang paling terlihat?', '4,000Hz', 'occupational', 'Work Environment'),
(100, '9', 'Yang bukan termasuk dalam item MSDS adalah?', 'Metode Inspeksi bahan kimia', 'occupational', 'MSDS'),
(101, '10', 'Risiko terbesar di antara gangguan kesehatan yang disebabkan oleh demam tinggi adalah sistem saraf pusat<br>Apa gangguan yang disebabkan oleh hilangnya fungsi sistem termoregulasi internal tubuh karena gangguan tersebut, dan gejala-gejala seperti delirium dan kurangnya kesadaran?', 'Heat Stroke', 'occupational', 'Work Environment'),
(102, '11', 'Pelatihan penyelamatan darurat diperlukan bagi pekerja yang bekerja di ruang terbatas sesuai dengan Peraturan 640 dari Standar Keselamatan dan Kesehatan Industri.<br>Berapa kali siklus pelatihan dalam setahun?', '1 Kali / 6 Bulan', 'occupational', 'Confined Space'),
(103, '12', 'Perusahaan diharuskan untuk membangun dan mengimplementasikan (         ) ketika bekerja di ruang terbatas. Apa ini ?', 'Program Pekerjaan Ruang Terbatas', 'occupational', 'Work Environment'),
(104, '13', 'Penyakit Akibat Kerja yang diakibatkan oleh  faktor kebisingan adalah ?', 'Hearing Loss', 'occupational', 'Work Environment'),
(105, '14', 'Pengusaha yang mempekerjakan tenaga kerja lembur atau yang mempekerjakan tenaga kerja perempuan pada malam hari diwajibkan untuk memberikan makanan dan minuman yang bergizi, sekurang-kurangnya berapa Kalori ?', '1400 Calori', 'occupational', 'Work Environment'),
(106, '15', 'Waktu paparan noise kurang berbahaya untuk paparan intermiten daripada paparan kontinu.<br>O jika benar, X jika salah. ', 'O (Benar)', 'occupational', 'Work Environment'),
(107, '16', 'Manakah dari berikut ini yang bukan perangkat pelindung untuk dipakai saat memasuki atau meninggalkan tempat yang kekurangan oksigen?', 'Masker sekali pakai', 'occupational', 'Protective Gear'),
(108, '17', 'Istilah yang digunakan dalam manajemen kebersihan kerja, di mana pekerja memiliki<br>Apa istilah untuk konsentrasi maksimum yang diijinkan yang dapat terpapar? ', 'STEL atau Kriteria Paparan Singkat', 'occupational', 'Work Environment'),
(109, '18', 'Apa yang menyebabkan penyakit Minamata? ', 'Merkuri', 'occupational', 'Work Environment'),
(110, '19', 'Kondisi dimana pergelangan tangan mengalami kesemutan, nyeri, mati rasa dan lemah karena penggunaan keyboard, mouse atau smartphoe yang berlebihan adalah gejala penyakit?', 'Sindrom Pergelangan Tangan', 'occupational', 'Musculoskeletal'),
(111, '20', 'Berapakah NAB (Nilai Ambang Batas) untuk paparan Gas CO selama 8 jam Kerja?', '25 ppm', 'occupational', 'Work Environment'),
(112, '21', 'Organisasi Kesehatan Dunia (WHO)<br>Setiap tanggal berapa hari kesehataan dunia?', '31 Mei', 'occupational', 'Health Common Sense'),
(113, '22', 'Berapa banyak item yang terdiri dari lembar data keselamatan?', '16 item', 'occupational', 'MSDS'),
(114, '23', 'Apa bagian pertama dari materi di MSDS?', 'Informasi tentang bahan kimia dan perusahaan', 'occupational', 'MSDS'),
(115, '24', 'Periode pelatihan untuk lembar data keselamatan dibagi menjadi tiga kategori.<br>1) Saat merekrut karyawan baru<br>2) Saat memperkenalkan bahan kimia baru<br>3) Kapan () berubah.', 'Identifikasi Bahaya', 'occupational', 'MSDS'),
(116, '25', 'Apa yang bukan syarat untuk masker debu?', 'Tahan terhirup gas buang', 'occupational', 'Protective Gear'),
(117, '26', 'Bekerja di malam hari atau bekerja di tempat kerja terpapar faktor berbahaya seperti bahan kimia<br>Apa pemeriksaan kesehatan untuk para pekerja? ', 'Pemeriksaan kesehatan khusus', 'occupational', 'Medical Examination'),
(118, '27', 'Peralatan pelindung untuk melindungi mata dari sinar berbahaya, Apa itu? ', 'Kacamata pengaman atau Kacamata pelindung', 'occupational', 'Protective Gear'),
(119, '28', 'Masker apa yang digunakan di tempat di mana zat berbahaya seperti pelarut organik terjadi?', 'Masker Gas', 'occupational', 'Confined Space'),
(120, '29', 'Apa saja tempat di mana ada risiko kebakaran atau ledakan karena kekurangan oksigen atau gas berbahaya seperti sumur, poros vertikal, terowongan, tank, lubang, dan lubang got?', 'Ruang Terbatas', 'occupational', 'Confined Space'),
(121, '30', 'Pemeriksaan kesehatan apa yang dilakukan untuk menilai kesesuaian pekerjaan sebelum merekrut karyawan baru atau mengubah tempat kerja?', 'Pemeriksaan kesehatan sebelum penempatan', 'occupational', 'Medical Examination'),
(122, '31', 'Apa yang bukan fasilitas sanitasi yang dipasang untuk melindungi kesehatan pekerja?', 'Fasilitas merokok', 'occupational', 'Work Environment'),
(123, '32', 'Untuk melindungi pendengaran pekerja dari kebisingan<br>Apa dua jenis alat pelindung itu? ', 'Earplugs, Earmuffs', 'occupational', 'Protective Gear'),
(124, '33', 'Berapa standard persentase udara di dalam ruang terbatas?', '19.5% ~ 23.5%', 'occupational', 'Confined Space'),
(125, '34', 'Penyakit apa yang disebut sebagai penyakit yang disebabkan oleh gaya hidup buruk seperti makan, olahraga, merokok, dan minum?', 'Penyakit Terkait Gaya Hidup atau Penyakit Orang Dewasa', 'occupational', 'Health Promotion'),
(126, '.35', 'Di tempat kerja tempat debu bekerja, ventilasi pembuangan lokal harus dipasang untuk mengurangi debu, dan ketika digunakan untuk pertama kali (termasuk setelah perbaikan), inspeksi harus dilakukan sebelum digunakan, dan setidaknya sebulan sekali.<br>O jika benar, X jika salah.', 'O (Benar)', 'occupational', 'Work Environment'),
(127, '36', 'Apa yang tidak dapat diterapkan pada item investigasi bahaya kerja beban otot dan tulang?', 'Jumlah aktivitas keselamatan', 'occupational', 'Musculoskeletal System'),
(128, '37', 'Pastikan untuk menekuk pinggang dan mengangkat benda saat memegang berat<br>Ini adalah postur pekerja. O jika benar, X jika salah. ', 'X (Salah)', 'occupational', 'Musculoskeletal'),
(129, '38', 'Berapa Nilai Ambang Batas Hidrogen Sulfida?', '1 ppm', 'occupational', 'Confined Space'),
(130, '39', 'Alat ukur untuk mengukur kuat penerangan cahaya adalah :', 'Lux Meter', 'occupational', 'Work Environment'),
(131, '40', 'Warna latar belakang dan warna gambar \'tanda pertolongan darurat\' di antara tanda keselamatan dan kesehatan dari Undang-Undang Keselamatan dan Kesehatan Industri<br>Apa itu', 'Latar Belakang: Hijau dan Bentuk: Putih', 'occupational', 'Work Environment'),
(132, '41', 'Tidak ada kekurangan oksigen dan gas berbahaya, Ini adalah ruang terbatas. ?<br> O Jika ya, X jika salah. ', 'X (Salah)', 'occupational', 'Confined Space'),
(133, '42', 'Masker apa yang digunakan di tempat di mana terdapat zat berbahaya seperti senyawa organik, gas, dan uap adalah?', 'Masker Gas', 'occupational', 'Protection'),
(134, '43', 'Komponen sistem ventilasi yang dipasang untuk mencegah gangguan kesehatan pekerja akibat debu pada umumnya adalah hoods, saluran (.....) dan blower.<br>Kata apa yang ingin Anda masukkan (...)?', 'Pembersih Udara', 'occupational', 'Work Environment'),
(135, '44', 'Dokumen MSDS harus dibaca sebelum memulai pekerjaan.<br>O jika benar, X jika salah. ', 'O (Benar)', 'occupational', 'MSDS'),
(136, '45', 'Berapa lama pengukuran lingkungan untuk penilaian dosis ', '6 Jam', 'occupational', 'Work Environment'),
(137, '46', 'Peringkat Eksposur Kebisingan, Kriteria Eksposur Kebisingan<br>Risiko kebisingan yang parah dan pencegahan / pendidikan pendidikan catatan audit pendidikan / hal-hal manajemen<br>Apakah tampaknya komprehensif untuk mencegah dan mengelola gangguan pendengaran?', 'Program Pelestarian Pendengeran', 'occupational', 'Hearing Pro'),
(138, '47', 'Manakah dari berikut ini yang tidak perlu menggunakan masker gas?', 'Tempat asbes dihasilkan', 'occupational', 'Protective Gear'),
(139, '48', 'Pada lingkungan kerja dengan intensitas kebisingan 94 dB, lama pemaparan yang diizinkan untuk pekerja bisa bekerja ditempat tersebut adalah', '1 jam/hari', 'occupational', 'Work Environment'),
(140, '49', 'Label peringatan harus ditempatkan pada wadah dan kemasan yang mengandung bahan kimia untuk mengidentifikasi bahaya dan bahaya dengan jelas. Enam item yang harus dimasukkan dalam tanda-tanda peringatan adalah (nama), (), (kata sinyal), (frasa berbahaya / berbahaya), (frasa pencegahan), dan (pemasok).<br>Apakah Anda menulis kata untuk ()?', 'Piktogram', 'occupational', 'MSDS'),
(141, '50', 'Peralatan pelindung apa yang tersedia untuk melindungi mata saya dari sinar berbahaya?', 'Kacamata', 'occupational', 'Protective Gear'),
(142, '51', 'Disebut apakah bahan yang dapat menyebabkan masalah kesehatan serius seperti karsinogenisitas, mutagenisitas dan toksisitas reproduksi ?', 'Bahan kimia dengan bahaya kesehatan', 'occupational', 'Psychological Counseling'),
(143, '52', 'Ketika melakukan pekerjaan pengangkatan dengan metode manual handling, <br>Berapa kilogram benda yang harus di beri penandanda  berat benda tersebut ?', 'Lebih dari 5 kg', 'occupational', 'Musculoskeletal System'),
(144, '53', 'Apa nama pakaian pelindung untuk dipakai di tempat kerja suhu tinggi tanpa takut akan besi cair atau baja cair?', 'Alluminize Suit', 'occupational', 'Protective Equipment'),
(145, '54', 'Lengkapi pertolongan pertama untuk pertolongan pertama yang terluka dan cari tahu di mana dan bagaimana menggunakannya.<br>Pekerja harus diberi tahu. Manakah dari berikut ini yang bukan merupakan pertolongan pertama yang penting?', 'Obat khusus (obat hipertensi)', 'occupational', 'Work Environment'),
(146, '55', 'Apa topeng debu dari struktur yang dapat menutupi seluruh bagian wajah (mulut, hidung, mata) dari debu?', 'Masker Debu Wajah Penuh / Fullface Dusk Mask', 'occupational', 'Protective Gear'),
(147, '56', 'Medical Check Up wajib dilakukan oleh pekerja setiap ?', '1 Tahun Sekali', 'occupational', 'Health'),
(148, '57', 'Pengusaha harus melarang pekerjaan mereka yang cenderung sakit parah karena pekerjaan mereka. Manakah dari berikut ini yang tidak boleh dilarang?', 'Orang yang minum obat tekanan darah tinggi', 'occupational', 'Work Environment'),
(149, '58', 'Program pencegahaan PAK akibat gangguan pendengaran dapat diterapkan ke tempat kerja dengan proses di mana tingkat kebisingan melebihi beberapa desibel?', '90 Desibel (dB)', 'occupational', 'Hearing Pro'),
(150, '59', 'Untuk menghilangkan penyebab pekerjaan yang berbahaya bagi pekerja dengan menangani zat berbahaya, dll.<br>Apa tiga hal yang dapat Anda lakukan? ', 'Penggantian, Penahanan (Terlampir), Ventilasi', 'occupational', 'Work Environment'),
(151, '60', 'Berapakah standard pencahayaan untuk pekerjaan yang membutuhkan presisi tinggi ?', '750 Lux atau lebih', 'occupational', 'Roughness'),
(152, '61', 'Berapa persentase kadar gas karbon dioksida pada udara pada umumnya ?', 'Kurang dari 1.5%', 'occupational', 'Confined Space'),
(153, '1', 'Proses yang melibatkan bahan dan reaksi oksidasi yang melibatkan panas adalah?', 'Pembakaran', 'disaster', ''),
(154, '2', 'Suhu di mana itu 10 Celcius di atas titik nyala dan dapat terbakar setidaknya 5 detik?', 'Titik Pembakaran', 'disaster', ''),
(155, '3', 'Media pemadam api yang digunakan untuk jenis kebakaran pada instalasi listrik adalah? ', 'Karbon Dioksida (CO2)', 'disaster', ''),
(156, '4', '3 Komponen  berikut ini<br>1. Bahan Bakar<br>2. Oksigen<br>3. Sumber (Api)<br>Disebut sebagai ?', 'Segitiga Api', 'disaster', ''),
(157, '5', 'Apa efek dari pencampuran partikel air dengan minyak untuk mengurangi kapasitas penguapan minyak dan dengan demikian menekan pembakaran?', 'Efek Pengemulsi (Efek emulsi)', 'disaster', ''),
(158, '6', 'Dalam kasus kebakaran minyak, lapisan aliran panas bertemu dengan air di bagian bawah tangki dan air meluap karena ekspansi volume yang cepat.', 'Boilover (Rebus)', 'disaster', ''),
(159, '7', 'Apa fenomena bahwa kecepatan rambat api lebih tinggi daripada kecepatan suara selama klasifikasi ledakan?', 'Peledakan (Detonation)', 'disaster', ''),
(160, '8', 'Jika terjadi kebakaran, ketika panas panas diterapkan ke dinding tangki luar, gas cair internal dari tangki yang terlalu panas dikeluarkan dan dinyalakan.<br>Apa itu yang disebut ledakan?', 'Blevy (BLEVE)', 'disaster', ''),
(161, '9', 'Jika terjadi kebakaran, dan udara tiba-tiba dimasukkan ke dalam ruangan saat pasokan oksigen tidak lancar.<br>Disebut apakah fenomena tersebut?', 'Konsep Kembali (Back Draft)', 'disaster', ''),
(162, '10', 'Alat untuk mendeteksi kebakaran di dalam area gedung adalah', 'Smoke & Heat Detector', 'disaster', ''),
(163, '11', 'Apa fenomena air mendidih dengan cepat dan meledak ketika bahan panas dimasukkan ke dalam air?', 'Ledakan Uap Air', 'disaster', ''),
(164, '12', 'Apa jenis alat pemadam api bubuk yang dapat digunakan untuk kebakaran Kelas A, B dan C?', 'Bubuk Pemadam Api', 'disaster', ''),
(165, '13', 'Apa warna yang ditunjukkan oleh instruksi manometer ketika tekanan pada alat pemadam kebakaran berkurang dan di bawah tekanan?', 'Kuning', 'disaster', ''),
(166, '14', 'Apa efek pemadam utama dari bahan pemadam karbon dioksida?', 'Mati Lemas', 'disaster', ''),
(167, '15', 'APD khusus yang digunakan untuk bekerja di dalam Ruang Terbatas adalah?', 'SCBA (Self ContainED Breathing Aparatus)', 'disaster', ''),
(168, '16', 'Gas apa yang dihasilkan oleh api logam, seperti kalium dan natrium, yang bersentuhan dengan air?', 'Hidrogen', 'disaster', ''),
(169, '17', 'Peralatan apa yang mendeteksi panas atau asap pada awal kebakaran dan secara otomatis memberi tahu orang yang bersangkutan tentang kebakaran tersebut?', 'Sistem Deteksi Otomatis', 'disaster', ''),
(170, '18', 'Sistem alarm apa yang memiliki kemampuan untuk menghasilkan kilasan pendek untuk gangguan pendengaran untuk diidentifikasi?', 'Perangkat Alarm Visual (Alarm Visual)', 'disaster', ''),
(171, '19', 'Jika ada kebakaran di gedung bertingkat tinggi, air bertekanan dipasok dari truk pompa kebakaran di tanah.<br>Peralatan apa yang tahan air dan padam?', 'Menghubungkan Peralatan Pipa Air', 'disaster', ''),
(172, '20', 'Program rutin untuk menguji kehandalan Tim Tanggap darurat di sebut?', 'Simulasi Emergency Drill', 'disaster', ''),
(173, '21', 'Komponen yang terdapat pada Full Body Harness yang berfungsi untuk meredam hentakan ketika terjatuh?', 'Shock Absorber', 'disaster', ''),
(174, '22', 'Perangkat mana yang dipasang untuk memadamkan api di dalam panel listrik lebih awal?', 'Alat Pemadam Api Ruang Kecil Otomatis (Ruang Kecil Peralatan Pemadam Api Otomatis)', 'disaster', ''),
(175, '23', 'Apakah warna Pipa Air untuk Jalur Pemadam Kebakaran?', 'Merah', 'disaster', ''),
(176, '24', 'Apa saja metode yang membuatnya sulit terbakar dengan menambahkan dekorasi interior bangunan atau bahan yang mudah terbakar?', 'Tahan Api (Flame Proof)', 'disaster', ''),
(177, '25', 'Apa bahan utama LNG?', 'Metana (CH4)', 'disaster', ''),
(178, '26', 'Alat Pengaman pada Tabung Oxygen & Accetylene yang berfungsi untuk mencegah terjadinya kebakaran jika terdapat kebocoran pada selang adalah ?', 'Flashback Arrestor', 'disaster', ''),
(179, '27', 'Perangkat keselamatan apa yang dipasang di reaktor atau perpipaan untuk mencegah perambatan nyala dalam mixer yang mudah terbakar?', 'Arester Api (Flame Arrester)', 'disaster', ''),
(180, '28', 'Jenis detektor apa yang digunakan untuk mendeteksi kebakaran di area ruang bawah tanah (underground) dan cable trays', 'Sensor Linear Suhu Konstan', 'disaster', ''),
(181, '29', 'Dua sirkuit disediakan untuk mencegah kerusakan pada fasilitas yang beroperasi bersama dengan daerah dingin seperti sistem pemadam CO2.<br>Apa artinya ketika semuanya bekerja?', 'Sirkuit Silang (Cross Circuit)', 'disaster', ''),
(182, '30', 'Apa warna latar belakang lampu darurat evakuasi?', 'Hijau', 'disaster', ''),
(183, '31', 'Berapa jarak dalam meter antara setiap jalur tikungan dengan pejalan kaki ?', '20 Meter', 'disaster', ''),
(184, '32', 'Ini adalah perangkat yang dapat turun secara otomatis sesuai dengan berat pengguna dengan menggunakan tali di antara perangkat evakuasi.<br>Apa ini yang bisa digunakan secara bergantian dalam suksesi????', 'Mesin Warning (Warning Machine)', 'disaster', ''),
(185, '33', 'Area mana dari objek pemadam kebakaran yang dapat mengirimkan sinyal api, menerima dan secara efektif mengendalikan sinyal-sinyal itu?', 'Perbatasan (Border)', 'disaster', ''),
(186, '34', 'Apa alat yang mengejutkan pasien henti jantung dan mengembalikan aktivitas jantung menjadi normal?', 'Shock Jantung Automatis (Auto Heart Shock)', 'disaster', ''),
(187, '35', 'Pada panel kontrol sistem pemadam CO2, apa tombol merah yang memotong sinyal listrik untuk mencegah output yang salah?', 'Valve Stop Button', 'disaster', ''),
(188, '36', 'Berapa persen maximal yang diperbolehkan untuk kapasitas tangki penyimpanan oli yang di simpan di area terbuka ?', '110%', 'disaster', ''),
(189, '37', 'Perangkat apa yang dipasang di pintu masuk di mana fasilitas pemadam kebakaran gas dipasang dan dapat mengeluarkan sistem pemadam kebakaran secara manual?', 'Kotak Operasi Manual (Manual Operation Box)', 'disaster', ''),
(190, '38', 'Warna apa yang paling mudah diidentifikasi jika gelap karena pemadaman listrik atau asap selama kebakaran?', 'Hijau', 'disaster', ''),
(191, '39', 'Apa sumber daya terpisah untuk menggunakan fasilitas pemadam kebakaran untuk jangka waktu tertentu ketika daya komersial terputus?', 'Emergency Power', 'disaster', ''),
(192, '40', 'Apa yang harus dipasang di dalam saluran untuk mencegah peningkatan pembakaran ketika saluran melewati kompartemen api?', 'Peredam Api (Fire Damper)', 'disaster', ''),
(193, '41', 'Berapa banyak elemen yang terdiri dari laporan manajemen keselamatan proses?', '12 Elemen', 'disaster', ''),
(194, '42', 'Selama penilaian risiko kualitatif, teknik apa yang digunakan untuk menilai risiko dengan mengidentifikasi potensi bahaya dan penyebab operasi abnormal dalam proses?', 'HAZOP', 'disaster', ''),
(195, '43', 'Berfungsi mengumpulkan dan menganalisis tanda-tanda risiko kecelakaan kerja di area pabrik dengan metode PSM untuk mengeluarkan alarm risiko dan secara proaktif<br>Disebut apakah sistem ini ?', 'Alarm Risiko (Risk Alarm)', 'disaster', ''),
(196, '44', 'Proses mengamati  dan analisis langkah-langkah yang Anda lakukan untuk mengidentifikasi dan menghilangkan risiko yang terkait dengan setiap proses<br>Disebut apa proses tersebut ?', 'JSA (Penilaian Risiko Kerja)', 'disaster', ''),
(197, '45', 'Kondisi yang dapat mengakibatkan mati lemas seperti tercekik jika konsentrasi oksigen di udara menurun hingga di bawah berapa persen?', '15%', 'disaster', ''),
(198, '46', 'Berapa kisaran pembakaran metana?', '5 ~ 15', 'disaster', ''),
(199, '47', 'Berapa kisaran pembakaran hidrogen?', '4 ~ 75', 'disaster', ''),
(200, '48', 'Berapa kali air mengembang karena menguap dari cairan ke gas?', '1700 kali', 'disaster', ''),
(201, '49', 'Berapa nilai Temperatur internal sekitar 1 jam setelah kebakaran dalam kurva suhu waktu standar dari kebakaran gedung ?', '950 Celcius', 'disaster', ''),
(202, '50', 'Program insiasi safety atas diri sendiri adalah SSS, Apakah Kepanjangan program SSS ?', 'Self-Directed Safety Spread', 'disaster', ''),
(203, '51', 'Berapa kecepatan gerakan horizontal asap dalam m/s?', '0.5 ~ 1 m/s', 'disaster', ''),
(204, '1', 'Manakah dari biaya konstruksi, keselamatan kerja dan manajemen kesehatan yang tidak sesuai dengan pengeluaran biasa?', 'Biaya pemasangan struktur sementara seperti perancah eksternal dan perancah kerja', 'posting', ''),
(205, '2', 'Untuk mencegah risiko pekerja jatuh dan jatuh dari mesin ketika bekerja pada mesin konstruksi, Apa yang jauh dari tindakan pencegahan?', 'Pemeliharaan fungsi pemindahan gigi', 'posting', ''),
(206, '3', 'Apa standar kecepatan angin ketika pengoperasian tower crane harus dihentikan saat angin kencang?', 'Lebih Besar dari 15 Meter Per Detik', 'posting', ''),
(207, '4', 'Mengapa memasang papan jari kaki di pagar pengaman?', 'Untuk mencegah benda seperti alat agar tidak jatuh dari platform kerja ke tanah', 'posting', ''),
(208, '5', 'Ukuran jaring pencegahan jatuh harus berbentuk persegi atau belah ketupat, yang ukurannya harus kurang dari () sentimeter.', '10cm', 'posting', ''),
(209, '6', 'Apa yang tidak menguntungkan tipe Staf dari organisasi manajemen keselamatan?', 'Perintah dan instruksi keselamatan segera dikirimkan melalui jalur produksi', 'posting', ''),
(210, '8', 'Apa \'kesalahan yang disebabkan oleh tidak melakukan tugas atau prosedur yang diperlukan\' dalam klasifikasi oleh perilaku psikologis kesalahan manusia?', 'Kesalahan Kelalaian', 'posting', ''),
(211, '8', 'Apa langkah-langkah kunci dalam manajemen keselamatan yang dijelaskan oleh teori Domino tentang bencana Heinrich?', 'Kondisi Tidak Aman & Tindakan', 'posting', ''),
(212, '9', 'Dalam pelatihan kesehatan dan keselamatan kerja, point apa apa yang tidak dapat di gunakan sebagai pengembangan dalam pelatihan  tersebut ?', 'Instruksi Pelatihan', 'posting', ''),
(213, '10', 'Kapan pengusaha harus melapor kepada kepala kantor tenaga kerja dan tenaga kerja setempat yang kompeten jika mereka mengetahui bahwa kecelakaan serius terjadi di tempat kerja sesuai dengan Undang-Undang Keselamatan dan Kesehatan Industri?', 'Tanpa Penundaan', 'posting', ''),
(215, '11', 'Di antara tindakan pencegahan terhadap kecelakaan yang tidak disengaja, \'tindakan mental\' (), pelatihan konsentrasi perhatian, penghilang stres dan motivasi untuk bekerja. Apa tanda kurung yang benar?', 'Meningkatkan Kesadaran Keselamatan', 'posting', ''),
(216, '12', 'Di antara langkah-langkah penanggulangan kecelakaan yang tidak disengaja, item \'(fungsi dan tindakan sisi kerja)\' termasuk penempatan bakat, memperoleh metode kerja keselamatan, meningkatkan kondisi kerja dan meningkatkan kemampuan beradaptasi. Apa tanda kurung yang benar?', 'Pekerjaan Standar (Pembiasaan)', 'posting', ''),
(217, '13', 'Di antara langkah-langkah penanggulangan kecelakaan yang tidak disengaja, \'langkah-langkah dalam hal fasilitas dan lingkungan\' termasuk stabilisasi fasilitas dan lingkungan kerja, dan pembentukan langkah-langkah kerja keselamatan jika terjadi keadaan darurat. Apa tanda kurung yang benar?', 'Pekerjaan Standar (Pendahuluan Institusi)', 'posting', ''),
(218, '14', 'Data yang digunakan sebagai pengukuran tubuh manusia terbaik untuk diterapkan saat merancang pagar di area berbahaya di sebut ?', 'Pengukuran Tubuh Manusia Maksimum', 'posting', ''),
(219, '15', 'Bagaimana Anda menerangi hanya tempat-tempat yang diperlukan di permukaan kerja?', 'Pencahayaan Lokal', 'posting', ''),
(220, '16', 'Konsep desain preventif mana yang gagal beroperasi ketika operator melepas alat pengaman?', 'Temper Proof', 'posting', ''),
(221, '17', 'Gagal-Aman adalah untuk menggandakan atau mengontrol tiga sehingga tidak ada kecelakaan terjadi bahkan jika metode kerja atau peralatan mekanik rusak. Apa yang \'diangkut untuk menghentikan keadaan jika terjadi kegagalan bagian\'?', 'Fail-passive', 'posting', ''),
(222, '18', 'Gagal-Aman adalah untuk menggandakan atau mengontrol tiga kali lipat untuk mencegah kecelakaan bahkan jika metode kerja atau peralatan mekanis rusak. Apakah anda', 'Fail-active', 'posting', ''),
(223, '19', 'Berdasarkan informasi pemeliharaan fasilitas dan teknologi baru, metode pemeliharaan fasilitas ditujukan pada sistem yang tidak memerlukan aktivitas pemeliharaan pada tahap desain dan produksi fasilitas melalui pemilihan, pengadaan, atau desain fasilitas dengan keandalan, pengoperasian, integritas, keselamatan, dan efisiensi ekonomi yang sangat baik. Benarkah?', 'Pencegahan Pelestarian', 'posting', ''),
(224, '20', 'Berdasarkan aturan regulasi pemerintah Indonesia, Diharuskan SIO kelas berapa untuk mengoperasikan crane dengan kapasitas 50 Ton ? ', 'Kelas 2', 'posting', ''),
(225, '21', 'Di antara ukuran respons fisik, perubahan fisik seperti tekanan darah, indeks aritmia, perubahan denyut jantung, laju pernapasan, dan () diukur.<br>Apa tanda kurung yang benar?', 'Suhu Tubuh', 'posting', ''),
(226, '22', 'Tes yang mengukur tingkat kelelahan. Apa tes yang mengurangi nilai frekuensi ketika lelah secara mental?', 'Tes Kedip (Flicker Test)', 'posting', ''),
(227, '23', 'Apa metode analisis statis dan induktif yang khas yang menganalisis kegagalan semua faktor yang mempengaruhi sistem dan meneliti efeknya?', 'FMEA', 'posting', ''),
(228, '24', 'Saat memasang atau merelokasi mesin, peralatan, dan peralatan yang digunakan di tempat berbahaya atau berbahaya menurut Undang-Undang Keselamatan dan Kesehatan Industri, () harus disiapkan dan diserahkan. <br>Apa tanda kurung yang benar?', 'Recanana Pencegahan Bahaya dan Resiko', 'posting', ''),
(229, '25', 'Rencana berbahaya dan berbahaya harus diajukan untuk pemasangan dan relokasi mesin, peralatan, dan fasilitas. Dan fasilitas terkait debu.<br>Apa tanda kurung yang benar?', 'Fasilitas Kimia', 'posting', ''),
(230, '26', 'Apa bidang studi yang memungkinkan rekayasa dan analisis karakteristik manusia dan kemampuan marjinal untuk diterapkan pada desain sistem yang kompleks untuk memanfaatkan efisiensi dengan sebaik-baiknya?', 'Ergonomi', 'posting', ''),
(231, '27', 'Area penerapan ergonomi meliputi desain produk, penempatan peralatan, peralatan, dan fasilitas, penelitian dan penelitian dalam pekerjaan. Apa tanda kurung yang benar?', 'Pencegahan Kecelakaan Kerja dan Penyakit Akibat Kerja (Disaster and Disease Prevention)', 'posting', ''),
(232, '28', 'Manakah dari tiga kategori perilaku manusia Rasmussen yang disebabkan oleh \"Keputusan berdasarkan aturan perilaku\"?', 'Prilaku berbasis aturan', 'posting', ''),
(233, '29', 'Bagaimana kondisi keamanan peralatan untuk meningkatkan keamanan penampilan?', 'Tutupi bagian mesin yang berputar agar pekerja dapat bersentuhan dan menerapkan warna keselamatan', 'posting', ''),
(234, '30', 'Apa bahaya cover penutup yang digunakan untuk poros berputar dan kopling?', 'titik ujung bergulir', 'posting', ''),
(235, '31', 'Manakah dari berikut ini yang merupakan tindakan pencegahan keselamatan saat bekerja dengan mesin penggiling?', 'Saat mengganti roda gerinda, ujilah dalam 1 menit dan periksa apakah tidak normal', 'posting', ''),
(236, '32', 'Pemeriksaan umum sebelum memulai pekerjaan pers mencakup fungsi kopling dan rem, keadaan cetakan dan pemasangan baut pers, bilah geser, dan keadaan meja.<br>Apa tanda kurung yang benar?', 'Fungsi Perangkat Pelindung', 'posting', ''),
(237, '33', 'Alat yang digunakan untuk menilai resiko dari suatu bahaya dari Suatu Proses Produksi adalah :', 'HIRADC (Hazard Identification Risk Assesment Determination Control)', 'posting', ''),
(238, '34', 'Jika tekanan naik di atas tekanan operasi normal, untuk mencegah pecahnya boiler, perangkat mana yang mengarah ke tekanan normal dengan menghilangkan sumber panas dengan memotong pembakaran burner?', 'Perangkat Pembatas Tekanan (Saklar Batas Tekanan)', 'posting', ''),
(239, '35', 'Apa fenomena bahwa gelombang tekanan terjadi ketika tekanan di dalam pipa naik atau turun karena perubahan cepat kecepatan aliran dalam pipa?', 'Water Hammer (Water Hammering)', 'posting', ''),
(240, '36', 'Manakah dari berikut ini yang paling cocok untuk mencegah risiko pekerja saat mengendarai robot industri?', 'Ketika ada risiko pekerja menabrak robot, pasang tikar keselamatan dan tingginya lebih dari 1,8 m', 'posting', ''),
(241, '37', 'Pelindung apa yang harus di pasang pada pedal pada mesin press untuk mengindari tidak di sengaja beroperasi ?', 'Penutup (Cover)', 'posting', ''),
(242, '38', 'Manakah dari metode uji non-destruktif yang mendeteksi cacat dengan mata telanjang?', 'Inspeksi Partikel Magnetik (Uji)', 'posting', ''),
(243, '39', 'Manakah dari berikut ini yang tidak sesuai dengan langkah-langkah sumber suara dalam rencana pencegahan kebisingan pabrik?', 'Pakailah alat pelindung pekerja', 'posting', '');
INSERT INTO `m_questions` (`id`, `no`, `question`, `answer`, `sheet`, `category`) VALUES
(244, '40', 'Berikut ini poin yang tidak sesuai standar keselamatan bekerja dengan forklift?', 'Lebar atau panjang setiap pembukaan bingkai atas harus kurang dari 25cm', 'posting', ''),
(245, '41', 'Koneksi antara warna keselamatan dan mesin atau perpipaan adalah sebagai berikut: Apakah tanda kurung yang benar?<br>Mulai sakelar-hijau, sakelar berhenti- (panas), abu mesin suhu tinggi, perpipaan uap-merah tua ', 'Merah', 'posting', ''),
(246, '42', 'Tali kawat baja terdiri dari elemen kawat, (...), baja inti dan sebagainya.<br>Apa tanda kurung yang benar?', 'Untaian (Strand)', 'posting', ''),
(247, '43', 'Perangkat pelindung mana yang mendeteksi ketika beban alat melebihi ambang batas aman, seperti suhu abnormal, tekanan udara abnormal, atau kelebihan beban, dan secara otomatis menyesuaikan ke kondisi aman atau menghentikan mesin dari operasi?', 'Perangkat Perlindungan Sensing', 'posting', ''),
(248, '44', 'Perangkat perlindungan apa yang memasang penghalang atau jaring pelindung di luar mesin untuk mencegah pekerja menyentuh titik kerja?', 'Perangkat Perlindungan Isolasi', 'posting', ''),
(249, '45', 'Merokok dan senjata api dilarang dalam (1) m dari generator asetilena dan (2) m dari ruang generator.<br>Apa tanda kurung yang benar?', '(1) = 5, (2) = 3', 'posting', ''),
(250, '46', 'Jika memutar roda gerinda menimbulkan risiko bagi pekerja, diameter minimum roda gerinda yang akan dipasang harus setidaknya () cm.<br>Apa tanda kurung yang benar?', '5cm', 'posting', ''),
(251, '47', 'Tujuan dari perangkat perlindungan adalah untuk mencegah kerusakan yang disebabkan oleh kontak pekerja dengan bagian-bagian yang berbahaya.<br>Apa yang pantas?', 'Manusia & Material', 'posting', ''),
(252, '48', 'Dilarang menggunakan tali kawat baja yang berkurang (...) persen dari diameter normal.<br>Apa kata yang tepat di dalam kurung ?', '7', 'posting', ''),
(253, '49', 'Pengusaha harus melampirkan beban terukur, (....), tanda peringatan, dll. Ke tempat di mana operator atau operator yang bekerja dengan alat pengangkat (tidak termasuk lift) dan perangkat gantung dapat dengan mudah melihat.<br>Apa tanda kurung yang benar?', 'Kecepatan Mengemudi', 'posting', ''),
(254, '50', 'Metode pengujian non-destruktif untuk deteksi cacat permukaan meliputi inspeksi visual (), uji partikel magnetik, dan uji pusaran.<br>Apa tanda kurung yang benar?', 'Pengujian Penetrasi (Penetration Testing)', 'posting', ''),
(255, '51', 'Intense noise work mengacu pada karya yang menghasilkan lebih dari 90dB kebisingan selama beberapa jam sehari?', '8 Jam', 'posting', ''),
(256, '52', 'Berapa faktor standar keselamatan untuk tali kawat baja dan rantai pada crane ?', '5 atau Lebih', 'posting', ''),
(257, '53', 'Berapa faktor keselamatan untuk tali kawat baja yang di gunakan untuk mengangkut pekerja ?', '10 atau Lebih', 'posting', ''),
(258, '54', 'Apa yang salah tentang perangkat perlindungan yang digunakan dalam konveyor dan tujuannya?', 'Perangkat penghenti cepat: Digunakan untuk memindahkan konveyor yang sedang beroperasi', 'posting', ''),
(259, '55', 'Alasan mengapa arus bolak-balik lebih berbahaya daripada arus searah ketika tegangannya sama adalah karena tegangan (...) dalam kasus arus bolak-balik.<br>Apa tanda kurung yang benar?', 'Perubahan Polaritas', 'posting', ''),
(260, '56', 'Berapa frekuensi tertinggi dari statistik perilaku kejut elektrostatik?', 'Pekerjaan listrik atau pekerjaan perbaikan', 'posting', ''),
(261, '57', 'Tindakan apa yang diambil untuk mencegah risiko sengatan listrik selama pemadaman listrik pada rangkaian listrik yang menggunakan kabel daya atau sirkuit dengan kapasitor daya koreksi faktor daya?', 'Pelepasan Arus Residu (Discharge of Residual Charge)', 'posting', ''),
(262, '58', 'Jika terdapat gangguan pada sistem pembumian, maka koneksi tegangan perlu di batasi.<br>Berapakah koneksi tegangan untuk tipe 1 yang diizinkan ?', '2.5V atau Kurang', 'posting', ''),
(263, '59', 'Jika terdapat gangguan pada sistem pembumian, maka koneksi tegangan perlu di batasi. Dan terdapat 2 jenis kondisi yaitu kondisi bagian tubuh pekerja sangat basah dan bagian tubuh lain berada di sekitar area tengangan konstan fasilitas listrik dan mesin.<br>Berapa koneksi tegangan yang di izinkan ? ', '25V atau Kurang', 'posting', ''),
(264, '60', 'Jika terdapat gangguan pada sistem pembumian, maka koneksi tegangan perlu di batasi, Jik terdapat tiga jenis koneksi tegangan,<br>maka berapa tengangan yang di izinkan ?', '50V atau Kurang', 'posting', ''),
(265, '61', 'Jika terdapat gangguan pada sistem pembumian, maka koneksi tegangan perlu di batasi, Jik terdapat empat jenis koneksi tegangan,<br>maka berapa tengangan yang di izinkan ?', 'Tidak ada batasan (No Limit)', 'posting', ''),
(266, '62', 'Jenis tanah mempengaruhi proteksi sistem pembumian, jenis landasan apa yang baik di gunakan untuk mencegah sengatan listrik atau kebakaran ketika konverter tegangan tinggi dan rendah tersambung ?', 'Grid Ground', 'posting', ''),
(267, '63', 'Jenis dan tujuan proteksi sistem pembumian yang bertujuan untuk mencegah sengatan listrik ketika menyentuk fasilitas di sebut ?', 'Instrument Ground', 'posting', ''),
(268, '64', 'Jenis dan tujuan proteksi sistem pembumian yang berfungsi sebagai earth leakage breaker di sebut ?', 'Ground Detection Ground', 'posting', ''),
(269, '65', 'Apa yang salah dengan deskripsi api dan ledakan yang disebabkan oleh pelepasan muatan listrik statis?', 'Ada risiko kebakaran atau ledakan ketika energi elektrostatik yang dibebankan ke pakaian kerja lebih besar daripada energi pengapian minimum dari bahan yang mudah terbakar', 'posting', ''),
(270, '66', 'Struktur tahan ledakan harus tahan terhadap tekanan ketika meledak di dalam, dan api ledakan tidak boleh mengalir keluar. Selain itu, suhu permukaan selungkup tidak akan dinyalakan oleh gas yang mudah terbakar di sekitarnya.<br>Apa tanda kurung yang benar?', 'Tahan Tekanan (Withstand Pressure)', 'posting', ''),
(271, '67', 'Perangkat proteksi arus berlebih harus terhubung ke sirkuit (selain kabel arde) oleh () untuk memutus sirkuit secara otomatis saat kelebihan arus terjadi.<br>Apa tanda kurung yang benar?', 'Serial', 'posting', ''),
(272, '68', 'Jika resusitasi kardiopulmoner dilakukan dengan cara yang benar dalam waktu 3 menit setelah berhenti bernapas karena sengatan listrik,<br>angka resusitasi sekitar%?', '75%', 'posting', ''),
(273, '69', 'Apa yang disebut fenomena di mana molekul logam meleleh pada suhu tinggi dan meleleh ke dalam kulit akibat sengatan listrik?', 'Perubahan Cahaya Kulit', 'posting', ''),
(274, '70', 'Apa yang disebut fenomena di mana epidermis tubuh manusia terkelupas karena panas yang tinggi?', 'Epidermal Deprivation', 'posting', ''),
(275, '71', 'Apa fenomena bahwa epidermis pada bagian aliran masuk dan keluar dari sengatan arus listrik lebar, datar atau naik secara linier dan berwarna biru atau keabu-abuan?', 'Current Spot', 'posting', ''),
(276, '72', 'Alat pemadam yang cocok untuk memadamkan kebakaran listrik termasuk alat pemadam karbon tetraklorida, alat pemadam bubuk, dan ().<br>Apa tanda kurung yang benar?', 'Pemadam Api CO2', 'posting', ''),
(277, '73', 'Cara terbaik untuk mencegah sengatan listrik adalah dengan menggunakan metode sistem (....).<br>Apa tanda kurung yang benar?', 'Sistem Pembumian (Earth Grounding System)', 'posting', ''),
(278, '74', 'Apa yang tidak menjadi pertimbangan ketika mencoba memasang mesin atau peralatan listrik dengan benar untuk mencegah bahaya dari listrik?', 'Penyediaan peralatan listrik darurat dan kedalaman elektroda tanah yang terkubur', 'posting', ''),
(279, '75', 'Apa yang tidak aman untuk pekerjaan listrik?', 'Saat menghubungkan kabel, hubungkan sisi catu daya terlebih dahulu dan kabel lainnya', 'posting', ''),
(280, '76', 'Apa yang tidak untuk mencegah sengatan listrik oleh listrik?', 'Tampilan penilaian untuk peralatan listrik', 'posting', ''),
(281, '77', 'Apa yang salah tentang pertolongan pertama jika terjadi luka bakar listrik?', 'Oleskan bedak, minyak balsem, dll ke luka', 'posting', ''),
(282, '78', 'Bagaimana Anda membangun peralatan listrik dalam ruangan bertekanan rendah di mana debu atau bubuk peledak tahan-ledakan dapat meledak karena ledakan peralatan listrik?', 'Konstruksi Pipa Logam', 'posting', ''),
(283, '79', 'Sebutkan tujuan melakukan TBM', 'Membahas bahaya dan resiko suatu pekerjaan serta tindakan pencegahan', 'posting', ''),
(284, '80', 'Apa arti istilah ini ketika uap logam membeku di udara, menyebabkan perubahan kimia menjadi partikel padat dan mengambang di udara?', 'Asap', 'posting', ''),
(285, '81', 'Apa yang salah dengan mencegah lonjakan yang dapat menyebabkan operasi tidak stabil, menyebabkan denyut udara parah dan getaran pada pipa kompresor dan blower?', 'Pasang katup pelambatan dari mesin', 'posting', ''),
(286, '82', 'Alat keselamatan apa yang dipasang di tangki penyimpanan minyak di mana uap dilepaskan ke luar dan udara luar dihisap untuk tujuan memblokir api?', 'Nyala Api Arester / Flame Arrester (Penekan Api / Fire Suppressor)', 'posting', ''),
(287, '83', 'Jenis alat pemadam api untuk kebakaran yang disebabkan oleh zat self-reactive termasuk alat pemadam hidrogen berbentuk batang, alat pemadam api hidrogen bertahap, alat pemadam pencernaan yang disempurnakan dengan batang, alat pemadam parut yang ditingkatkan (). <br>Apa tanda kurung yang benar?', 'Pemadam Api', 'posting', ''),
(288, '84', 'Manakah dari berikut ini yang tidak sesuai untuk pencegahan pengapian spontan?', 'Hindari kelembaban rendah', 'posting', ''),
(289, '85', 'Laporan proses keselamatan harus ditinjau dalam ().<br>Apa tanda kurung yang benar?', 'Komite Keselamatan dan Kesehatan Kerja', 'posting', ''),
(290, '86', 'Zat apa yang seharusnya tidak dihidrogenasi?', 'Serbuk logam', 'posting', ''),
(291, '87', 'Apakah alat pengaman pelat tipis yang dipasang di wadah atau sejenisnya sehingga ketika tekanan di sisi saluran masuk mencapai tekanan yang disetel, pelat pecah dan fluida dikeluarkan?', 'Disk Pecah (Rupture Disk)', 'posting', ''),
(292, '88', 'Apa yang salah tentang cakram pecah?', 'Setelah terpasang, tidak perlu menggantinya', 'posting', ''),
(293, '89', 'Apa struktur sementara yang terutama dimaksudkan untuk pemasangan platform kerja dan jalur kerja dengan dirakit dan digunakan untuk memungkinkan pekerja membangun tempat-tempat tinggi di luar jangkauan dari tanah atau lantai?', 'Perancah (Fat)', 'posting', ''),
(294, '90', 'Pengusaha harus mengikuti standard pemasangan scaffolding di tempat kerja dengan ketinggian 2m atau lebih dan lebar scaffoling (...)cm atau lebih.<br>Apa kata yang tepat di dalam kurung ? ', '40cm', 'posting', ''),
(295, '91', 'Apa yang salah tentang transportasi tenaga kerja tebar?', 'Saat mengangkut, ikat bagian tengah dan angkut', 'posting', ''),
(296, '92', 'Berapa jarak langkah minimum dalam centimeter untuk memasang hoistway ketika pekerja bergerak secara vertikal di pabrik ?', '30cm', 'posting', ''),
(297, '93', 'Proses pekerjaan pemasangan struktur baja pada kolom, rangka dan di kerjakan di landasan untuk menghindari (...) <br>Sebutkan kata yang tepat di dalam kurung', 'Pekerjaan diatas ketinggian', 'posting', ''),
(298, '94', 'Alat ukur untuk mengukur kuat penerangan cahaya adalah :', 'Lux Meter', 'posting', ''),
(299, '95', 'Pengusaha harus mengambil langkah-langkah yang diperlukan untuk mencegah risiko, seperti memasang peralatan pencegah barang terjatuh atau menempatkan supervisor, saat menjatuhkan benda dari ketinggian lebih dari (....) meter.<br>Apa tanda kurung yang benar?', '3 Meter', 'posting', ''),
(300, '96', 'Apa yang salah dengan penjelasan suhu efektif?', 'Ukur suhu di mulut dengan termometer', 'posting', '');

-- --------------------------------------------------------

--
-- Struktur dari tabel `m_tests`
--

CREATE TABLE `m_tests` (
  `id` int(3) NOT NULL,
  `test_date` date NOT NULL,
  `start_date` varchar(8) NOT NULL,
  `end_date` varchar(8) NOT NULL,
  `pass` int(3) NOT NULL,
  `fail` int(3) NOT NULL,
  `score` int(11) NOT NULL DEFAULT 0,
  `session_id` char(25) NOT NULL
) ENGINE=InnoDB DEFAULT CHARSET=utf8mb4;

-- --------------------------------------------------------

--
-- Struktur dari tabel `participants`
--

CREATE TABLE `participants` (
  `id` int(11) NOT NULL,
  `nim` char(6) NOT NULL,
  `fullname` varchar(255) NOT NULL,
  `join_test` tinyint(4) DEFAULT 0,
  `score` int(11) UNSIGNED DEFAULT 0
) ENGINE=InnoDB DEFAULT CHARSET=utf8mb4;

--
-- Dumping data untuk tabel `participants`
--

INSERT INTO `participants` (`id`, `nim`, `fullname`, `join_test`, `score`) VALUES
(1, '113423', 'RUDI HIKMATULLAH. R', 0, 12),
(2, '104010', 'RADEN BAMBANG ERGIANSYAH', 0, 0),
(3, '105753', 'PARK JONG BOG', 0, 0),
(4, '108035', 'KANG WOO HYUNG', 0, 0),
(5, '105764', 'PARK JIN SU', 0, 0),
(6, '106860', 'DENNIE PRASETYO', 0, 0),
(7, '106893', 'HASBULLAH', 0, 0),
(8, '107098', 'AHMAD ZAINAL', 0, 0),
(9, '101511', 'KHAIRUL AKHYAR', 0, 0),
(10, '106916', 'INDRA GUNAWAN', 0, 0),
(11, '106940', 'ADITYO EKO WIBOWO', 0, 0),
(12, '106973', 'SONY HERLAMBANG', 0, 0),
(13, '103494', 'TUBAGUS MOCHAMAD ISNAENI', 0, 0),
(14, '107065', 'WASISKHA WATI', 0, 0),
(15, '103585', 'FAISAL AKBAR PURNAMA PUTRA', 0, 0),
(16, '103610', 'GRAHITO GERY NUGROHO', 0, 0),
(17, '111652', 'BRAMANTYO ARDI', 0, 0),
(18, '111845', 'ADI FUADIL HIDAYAH', 0, 0),
(19, '111663', 'ERDANO SEDYA DWIPRASAJAWARA', 0, 0),
(20, '113838', 'ANGGA FIRMANSYAH', 0, 0),
(21, '112143', 'ADAM KUSNAEDI', 0, 0),
(22, '112471', 'MEDIAN PRASETYA', 0, 0),
(23, '112484', 'SHUSMITA PUSPITASARI', 0, 0),
(24, '112895', 'LINDA EVAN ENGLISTA', 0, 0),
(25, '108046', 'LEE DEUKSU', 0, 0),
(26, '108057', 'SONG GUNYONG ', 0, 0),
(27, '113175', 'MUHAMMAD FAUJI', 0, 0),
(28, '113355', 'MOCHAMAD SYAWALU RIFAI', 0, 0),
(29, '246351', 'KIM DONGSOO', 0, 0),
(30, '299092', 'JANG JINJUNG', 0, 0),
(31, '113862', 'FUJIANTO', 0, 0),
(32, '123456', 'AKUN DEMO', 0, 1);

-- --------------------------------------------------------

--
-- Struktur dari tabel `question_answers`
--

CREATE TABLE `question_answers` (
  `question_id` int(11) DEFAULT NULL,
  `a` varchar(255) DEFAULT NULL,
  `b` varchar(255) DEFAULT NULL,
  `c` varchar(255) DEFAULT NULL,
  `d` varchar(255) DEFAULT NULL
) ENGINE=InnoDB DEFAULT CHARSET=utf8mb4;

--
-- Dumping data untuk tabel `question_answers`
--

INSERT INTO `question_answers` (`question_id`, `a`, `b`, `c`, `d`) VALUES
(1, 'Lingkungan sosial dan budaya', 'Kesalahan seseorang', 'Perilaku dan Kondisi tidak aman', 'Kecelakaan kerja'),
(6, '25km/H', '30km/H', '40km/H', '50km/H'),
(7, '9112', '9112', '9113', '9114'),
(8, '7', '8', '9', '10'),
(9, '25', '30', '35', '40'),
(11, 'A: 25, B: 0,03', 'A: 30, B: 0,03', 'A: 25, B: 0,05', 'A: 30, B: 0,05'),
(12, 'Tangan-dada kanan', 'Tangan-dada kiri', 'Dada-tangan kanan', 'Dada-tangan kiri'),
(13, '1 Kali', '2 Kali', '3 Kali', '4 Kali'),
(14, '2 Meter', '3 Meter', '4 Meter', '5 Meter'),
(15, '20km/H', '25km/H', '30km/H', '35km/H'),
(20, 'Tagging Hijau', 'Tagging Merah', 'Tagging Kuning', 'Tagging Biru'),
(26, 'Kurang dari 15 ppm', 'Kurang dari 20 ppm', 'Kurang dari 25 ppm', 'Kurang dari 30 ppm'),
(27, 'Kuning', 'Hijau', 'Merah', 'Biru'),
(31, '14 Mei', '14 April', '24 Juli', '24 April'),
(32, '225 kg', '235 kg', '245 kg', '255 kg'),
(33, '100', '150', '200', '250'),
(34, '10', '15', '20', '25'),
(35, '1 x 24 Jam', '2 x 24 Jam', '3 x 24 Jam', '4 x 24 Jam'),
(37, '5 cm', '10 cm', '15 cm', '20 cm'),
(42, 'O (Benar)', 'O (Benar)', 'X (Salah)', 'X (Salah)'),
(43, 'O (Iya)', 'O (Iya)', 'X (Tidak)', 'X (Tidak)'),
(46, 'O', 'O', 'X', 'X'),
(47, '85 Desibel (dB)', '90 Desibel (dB)', '95 Desibel (dB)', '80 Desibel (dB)'),
(53, '17.5 % ~ 23.5 %', '18.5 % ~ 23.5 %', '17.3 % ~ 25.5 %', '18.3 % ~ 25.5 %'),
(54, 'Level insting', 'Level keamanan bersama', 'Level keselamatan otonom', 'Level manajemen dan pengawasan'),
(57, 'Kesalahan sistem', 'Kesalahan alam', 'Kesalahan manusia', 'Tidak ada kesalahan'),
(58, '1 Tahun', '2 Tahun', '3 Tahun', '4 Tahun'),
(61, 'Pelaksana Organisasi sebagai konsultasi tentang keselamatan dan kesehatan', 'Manajemen keselamatan dan kesehatan seperti inspeksi K3 di tempat kerja', 'Bimbingan dan support untuk pelatihan keselamatan dan kesehatan yang diberikan kepada pekerja', 'Penyediaan dan Pengelolaan alat pelindung diri untuk kontraktor'),
(62, 'Inspeksi dan instruksi pada inspeksi dan pemakaian serta penggunaan pakaian kerja, peralatan pelindung dan alat pelindung pekerja yang bersangkutan', 'Laporan kecelakaan industri yang timbul dari pekerjaan dan tindakan darurat untuk mereka', 'Konfirmasi dan pengawasan pada pengaturan dan pengaturan tempat kerja dan mengamankan bagian itu', 'Berhenti dan Lanjutkan pekerjaan'),
(64, '10cm', '20cm', '30cm', '40cm'),
(65, '4 : 1', '4 : 2', '5 : 1', '5 : 2'),
(66, 'Jika kecepatan angin lebih dari 10m per detik', 'Suhu di atas 30 derajat Celcius', 'Jika curah hujan lebih dari 1mm per jam', 'Jika salju turun lebih dari 1 cm per jam'),
(67, 'uji ketahanan tekanan', 'uji ketahanan resistansi', 'uji ketahanan dampak', 'uji ketahanan kimia'),
(68, 'Crane', 'Bejana Tekan', 'Elevator', 'Mesin Bor'),
(69, 'Hal-hal yang menyangkut risiko dan bahaya dari proses kerja', 'Hal-hal yang menyangkut metode dan instruksi standar keselamatan kerja', 'Hal-hal yang berkaitan dengan peran dan tugas supervisor', 'Hal-hal yang berkaitan dengan promosi kesehatan dan pencegahan penyakit'),
(76, 'O (Benar)', 'O (Benar)', 'X (Salah)', 'X (Salah)'),
(77, 'O (Benar)', 'O (Benar)', 'X (Salah)', 'X (Salah)'),
(79, 'Permanen', 'Seminggu', '1 Hari', '3 Hari'),
(82, '1', '2', '3', '4'),
(83, 'Dalam 60M sebelum dan sesudah penyeberangan', 'di sekitar kurva, persimpangan', 'Lokasi yang menghalangi jalannya mobil pemadam kebakaran dan kendaraan transportasi di pabrik, dll', 'jalan yang mengganggu bersepeda, trotoar dan lalu lintas'),
(86, 'Penguncian individual', 'Penguncian grup', 'Penguncian individual', 'Penguncian bersama'),
(87, 'Merah', 'Biru', 'Ungu', 'Kuning'),
(88, '1 Hari', '3 Hari', '7 Hari', '5 Hari'),
(89, 'Grade 1 (Tingkat/Level)', 'Grade 2 (Tingkat/Level)', 'Grade 3 (Tingkat/Level)', 'Grade 4 (Tingkat/Level)'),
(90, '1 jam/hari', '2 jam/hari', '3 jam/hari', '4 jam/hari'),
(91, '1 x 24 Jam', '2 x 24 Jam', '3 x 24 Jam', '4 x 24 Jam'),
(95, 'Kurang dari 18%', 'Kurang dari 17%', 'Kurang dari 19%', 'Kurang dari 20%'),
(98, 'Sistem pernapasan', 'Sistem saraf', 'Sistem pencernaan', 'Kulit'),
(99, '2,000Hz', '3,000Hz', '4,000Hz', '5,000Hz'),
(100, 'Tindakan P3K', 'Peraturan Hukum', 'Metode Inspeksi bahan kimia', 'Pengendalian Paparan dan Peralatan Pelindung'),
(102, '1 Kali / 6 Bulan', '2 Kali / 6 Bulan', '3 Kali / 6 Bulan', '4 Kali / 6 Bulan'),
(105, '1200 Kalori', '1300 Kalori', '1400 Kalori', '1500 Kalori'),
(106, 'O (Benar)', 'O (Benar)', 'X (Salah)', 'X (Salah)'),
(107, 'Masker ventilasi', 'Respirator udara', 'Masker sekali pakai', 'Masker maskapai'),
(111, '15 ppm', '20 ppm', '25 ppm', '30 ppm'),
(112, '31 Mei', '31 April', '24 Juli', '24 Maret'),
(113, '14 item', '15 item', '16 item', '17 item'),
(116, 'Efficiency Efisiensi filtrasi yang baik', 'Bidang pandang yang luas', 'Tahan terhirup gas buang', 'Daya rekat wajah bagus '),
(122, 'Fasilitas tidur', 'Fasilitas mandi', 'Fasilitas merokok', 'Fasilitas binatu'),
(124, '18.5% ~ 23.5%', '19.5% ~ 23.5%', '18.3% ~ 25.5%', '19.3% ~ 25.5%'),
(126, 'O (Benar)', 'O (Benar)', 'X (Salah)', 'X (Salah)'),
(127, 'Waktu kerja', 'Jumlah aktivitas keselamatan', 'Metode kerja', 'Jumlah dan kecepatan kerja'),
(128, 'O (Benar)', 'O (Benar)', 'X (Salah)', 'X (Salah)'),
(129, '1 ppm', '2 ppm', '3 ppm', '4 ppm'),
(131, 'Latar Belakang: Hijau dan Bentuk: Putih', 'Latar Belakang: Merah dan Bentuk: Hitam', 'Latar Belakang: Biru dan Bentuk: Putih', 'Latar Belakang: Kuning dan Bentuk: Hitam'),
(132, 'O (Benar)', 'O (Benar)', 'X (Salah)', 'X (Salah)'),
(135, 'O (Benar)', 'O (Benar)', 'X (Salah)', 'X (Salah)'),
(136, '4 Jam', '5 Jam', '6 Jam', '3 Jam'),
(138, 'Tempat tertutup di mana senyawa organik terjadi', 'Tempat di mana oksigen tidak cukup', 'Tempat asbes dihasilkan', 'Tempat menghasilkan CO (karbon monoksida) dalam jumlah besar'),
(139, '1 jam/hari', '2 jam/hari', '3 jam/hari', '4 jam/hari'),
(143, 'Lebih dari 3 kg', 'Lebih dari 4 kg', 'Lebih dari 5 kg', 'Lebih dari 6 kg'),
(145, 'Perban', 'Disinfektan', 'Mitela', 'Obat khusus (obat hipertensi)'),
(147, '1 Tahun Sekali', '2 Tahun Sekali', '1 Tahun 2 Kali', '3 Tahun Sekali'),
(148, 'Orang yang minum obat tekanan darah tinggi', 'Orang dengan demensia', 'Orang dengan penyakit jantung yang bisa menjadi lebih buruk', 'Orang dengan skizofrenia '),
(149, '80 Desibel (dB)', '90 Desibel (dB)', '85 Desibel (dB)', '95 Desibel (dB)'),
(151, '720 Lux atau lebih', '750 Lux atau lebih', '730 Lux atau lebih', '740 Lux atau lebih'),
(152, 'Kurang dari 0.5%', 'Kurang dari 1.5%', 'Kurang dari 2.0%', 'Kurang dari 2.5%'),
(165, 'Merah', 'Hijau', 'Kuning', 'Ungu'),
(175, 'Merah', 'Hijau', 'Biru', 'Kuning'),
(182, 'Kuning', 'Hijau', 'Biru', 'Merah'),
(183, '10 Meter', '15 Meter', '20 Meter', '25 Meter'),
(188, '110%', '120%', '115%', '110%'),
(190, 'Kuning', 'Hijau', 'Merah', 'Biru'),
(193, '12 Elemen', '11 Elemen', '10 Elemen', '13 Elemen'),
(197, '5%', '10%', '15%', '20%'),
(198, '2.5 ~ 81', '4 ~ 75', '12.5 ~ 74', '5 ~ 15'),
(199, '2.5 ~ 81', '4 ~ 75', '12.5 ~ 74', '5 ~ 15'),
(200, '800 kali', '1300 kali', '1700 kali', '2000 kali'),
(201, '600 Celcius', '850 Celcius', '950 Celcius', '1200 Celcius'),
(203, '0,2 ~ 0,3 m/s', '0,5 ~ 1 m/s', '2 ~ 3 m/s', '5 ~ 10 m/s'),
(204, 'Biaya pemasangan struktur sementara seperti perancah eksternal dan perancah kerja', 'Biaya Perawatan Kesehatan Pekerja', 'Bimbingan teknis untuk pencegahan bencana konstruksi', 'Biaya pembelian peralatan pelindung pribadi dan peralatan keselamatan'),
(205, 'Pemeliharaan fungsi pemindahan gigi', 'Pencegahan keruntuhan bahu', 'Pertahankan lebar jalan', 'Pencegahan penurunan tanah '),
(206, 'Lebih Besar dari 15 Meter Per Detik', 'Lebih Besar dari 10 Meter Per Detik', 'Lebih Besar dari 20 Meter Per Detik', 'Lebih Besar dari 25 Meter Per Detik'),
(207, 'Untuk melindungi tangan pekerja', 'Untuk meningkatkan efisiensi kerja pekerja', 'Untuk meningkatkan kekuatan pagar pengaman', 'Untuk mencegah benda seperti alat agar tidak jatuh dari platform kerja ke tanah'),
(208, '5cm', '10cm', '15cm', '20cm'),
(209, 'Untuk bertindak sebagai penasehat dan penasehat', 'Pengumpulan informasi keselamatan yang mudah dan cepat', 'Perintah dan instruksi keselamatan segera dikirimkan melalui jalur produksi', 'Seorang ahli keselamatan membuat rencana keselamatan untuk menemukan solusi untuk masalah dan mengambil tindakan'),
(212, 'Jenis dan objek pelatihan', 'Subject dan materi pelatihan', 'Lokasi dan Metode', 'Instruksi Pelatihan'),
(213, '1 Hari', '3 Hari', '7 Hari', 'Tanpa Penundaan'),
(224, 'Kelas 1', 'Kelas 2', 'Kelas 3', 'Kelas 4'),
(233, 'Pemasangan perangkat kontrol otomatis untuk mencegah kegagalan fungsi jika tegangan turun atau listrik mati', 'Melakukan inspeksi rutin untuk meminimalkan terjadinya kegagalan', 'Desain mempertimbangkan faktor keamanan maksimum dengan mempertimbangkan penurunan kekuatan', 'Tutupi bagian mesin yang berputar agar pekerja dapat bersentuhan dan menerapkan warna keselamatan'),
(234, 'stenosis', 'titik lipat tangensial', 'titik potong', 'titik ujung bergulir'),
(235, 'Saat mengganti roda gerinda, ujilah dalam 1 menit dan periksa apakah tidak normal', 'Jangan melebihi kecepatan lingkar maksimum roda gerinda', 'Pasang dukungan kerja dan sesuaikan mesin penggiling meja', 'Seharusnya tidak ada risiko kerusakan karena kontak manusia dengan penutup'),
(240, 'Penyesuaian robot oleh orang yang tidak trampil hanya diperbolehkan dalam waktu 6 jam', 'Ketika ada risiko pekerja menabrak robot, pasang tikar keselamatan dan tingginya lebih dari 1,8 m', 'Jika ada kelainan yang ditemukan selama operasi, segera beri tahu otoritas terkait tanpa menghentikan robot', 'Mengisi bahan bakar harus dilakukan hanya selama operasi untuk mencegah kontinuitas dan kegagalan fungsi'),
(243, 'Tutup peralatan', 'Konstruksi dinding kedap suara dari fasilitas kamar', 'Pakailah alat pelindung pekerja', 'Pasang peredam dan peredam suara'),
(244, 'Forklift kurang dari 4 ton, kekuatan pelindung kepala harus mampu menahan beban yang terdistribusi sama dua kali lipat dari beban maksimum forklift', 'Lebar atau panjang setiap pembukaan bingkai atas harus kurang dari 25cm', 'Dalam hal forklift dengan posisi pengemudi duduk dan beroperasi, ketinggian dari bagian atas kursi pengemudi hingga bagian bawah rangka atas pelindung kepala harus paling sedikit 0,903 m', 'Untuk forklift yang dioperasikan oleh pengemudi yang berdiri, ketinggian dari bagian bawah kursi pengemudi ke bagian bawah kerangka atas pelindung kepala harus paling sedikit 1,88 m'),
(245, 'Merah', 'Ungu', 'Biru', 'Kuning'),
(249, '(1) = 5, (2) = 3', '(1) = 3, (2) = 5', '(1) = 4, (2) = 6', '(1) = 6, (2) = 4'),
(250, '3cm', '4cm', '5cm', '6cm'),
(252, '5', '6', '7', '8'),
(255, '6 Jam', '7 Jam', '8 Jam', '9 Jam'),
(256, '3 atau Lebih', '4 atau Lebih', '5 atau Lebih', '2 atau Lebih'),
(257, '7 atau Lebih', '8 atau Lebih', '9 atau Lebih', '10 atau Lebih'),
(258, 'Perangkat penghenti cepat: Digunakan untuk memindahkan konveyor yang sedang beroperasi', 'Alat penghenti darurat: Bila ada risiko bagian tubuh pekerja digulung, segera hentikan', 'Perangkat Pencegahan Keberangkatan dan Reverse Driving: Mencegah Keberangkatan Kargo dari Pemadaman Listrik, Penurunan Tegangan, dll', 'Penutup atau Wol: Pencegahan Bahaya dari Benda yang Jatuh '),
(260, 'Pekerjaan listrik atau pekerjaan perbaikan', 'Operasi atau inspeksi peralatan listrik', 'Inspeksi dan pengoperasian peralatan listrik bergerak', 'Operasi dan pemeliharaan peralatan rumah tangga'),
(262, '2.5V atau Kurang', '1.5V atau Kurang', '2.0V atau Kurang', '1.0V atau Kurang'),
(263, '25V atau Kurang', '20V atau Kurang', '15V atau Kurang', '20V atau Kurang'),
(264, '30V atau Kurang', '50V atau Kurang', '40V atau Kurang', '20V atau Kurang'),
(269, 'Jika energi pelepasan statis lebih tinggi dari energi penyalaan minimum suatu zat, api atau ledakan dapat terjadi', 'Ketika isolator diisi, api atau ledakan diputuskan oleh besarnya potensial pengisian daripada energi elektrostatik', 'Jika seseorang merasakan sengatan listrik ketika mendekati benda yang diisi daya, ada kemungkinan kebakaran atau ledakan', 'Ada risiko kebakaran atau ledakan ketika energi elektrostatik yang dibebankan ke pakaian kerja lebih besar daripada energi pengapian minimum dari bahan yang mudah terbakar'),
(272, '55%', '65%', '75%', '85%'),
(278, 'Kesesuaian langkah-langkah perlindungan mekanik listrik', 'Lingkungan sekitar seperti kelembaban atau debu', 'Penyediaan peralatan listrik darurat dan kedalaman elektroda tanah yang terkubur', 'Kapasitas listrik yang cukup dan kekuatan mekanik mesin dan peralatan listrik'),
(279, 'Uji pengisian konverter menggunakan detektor', 'Buka dan tutup pemisah setelah memeriksa apakah pemutus diblokir', 'Saat menghubungkan kabel, hubungkan sisi catu daya terlebih dahulu dan kabel lainnya', 'Kerjakan setelah menghubungkan terlebih dahulu saluran telepon tambahan dan harus dilepas setelah selesai'),
(280, 'Tampilan penilaian untuk peralatan listrik', 'Pelindung pembumian untuk peralatan listrik', 'Pasang pemutus kebocoran pembumian untuk peralatan listrik', 'Gunakan pelindung insulasi pada area di mana bagian aktif terpapar'),
(281, 'Lepaskan pakaian yang terbakar dan rendam dengan air dingin atau balut dengan perban untuk luka bakar', 'Keringkan area yang terbakar dan tutupi dengan kasa desinfeksi atau kasa terbakar untuk mencegah kehilangan panas dan meminimalkan infeksi', 'Lepuh disebabkan oleh bakteri, jadi jangan sampai pecah', 'Oleskan bedak, minyak balsem, dll ke luka'),
(285, 'Kurangi volume udara', 'Ratakan kemiringan pipa', 'Pasang katup pelambatan dari mesin', 'Bypass gas buangan ke sisi pengisapan atau buangan ke atmosfer dengan katup buangan'),
(288, 'Berventilasi dengan baik', 'Hindari kelembaban rendah', 'Hindari kenaikan suhu di ruang penyimpanan', 'Simpan dalam cairan lembam untuk mencegah kontak dengan udara'),
(290, 'Fosfor merah', 'Serbuk logam', 'Belerang', 'Kalium permanganat'),
(292, 'Rate Tingkat pelepasan tekanan cepat', 'Itu mungkin meledak di bawah tekanan burst set', 'Setelah terpasang, tidak perlu menggantinya', 'Berlaku untuk bubur yang sangat kental atau cairan korosif'),
(294, '20cm', '30cm', '40cm', '50cm'),
(295, 'Saat mengangkut, ikat bagian tengah dan angkut', 'Besi bar panjang diangkat oleh 2 orang dengan pundak', 'Berat per orang adalah sekitar 25kg', 'Ketika seseorang membawa besi bar yang panjang, bawa di satu bahu dan seret salah satu ujungnya ke tanah'),
(296, '20cm', '30cm', '40cm', '50cm'),
(299, '2 Meter', '3 Meter', '4 Meter', '5 Meter'),
(300, 'Ukur suhu di mulut dengan termometer', 'Ini adalah suhu yang sebenarnya dirasakan', 'Ini menunjukkan efek termal dari suhu, kelembaban dan aliran udara pada tubuh manusia', 'Kehangatan yang sama dengan yang Anda rasakan pada suhu bohlam kering ketika kelembaban relatif 100%');

-- --------------------------------------------------------

--
-- Struktur dari tabel `test_logs`
--

CREATE TABLE `test_logs` (
  `participant_id` char(6) DEFAULT NULL,
  `question_id` int(11) DEFAULT NULL,
  `answer` text DEFAULT NULL,
  `date_choice` datetime DEFAULT NULL
) ENGINE=InnoDB DEFAULT CHARSET=utf8mb4;

--
-- Indexes for dumped tables
--

--
-- Indeks untuk tabel `m_answers`
--
ALTER TABLE `m_answers`
  ADD PRIMARY KEY (`id`),
  ADD KEY `id_question` (`id_question`);

--
-- Indeks untuk tabel `m_guests`
--
ALTER TABLE `m_guests`
  ADD PRIMARY KEY (`id`);

--
-- Indeks untuk tabel `m_questions`
--
ALTER TABLE `m_questions`
  ADD PRIMARY KEY (`id`);

--
-- Indeks untuk tabel `m_tests`
--
ALTER TABLE `m_tests`
  ADD PRIMARY KEY (`id`);

--
-- Indeks untuk tabel `participants`
--
ALTER TABLE `participants`
  ADD PRIMARY KEY (`id`),
  ADD UNIQUE KEY `nim` (`nim`);

--
-- AUTO_INCREMENT untuk tabel yang dibuang
--

--
-- AUTO_INCREMENT untuk tabel `m_answers`
--
ALTER TABLE `m_answers`
  MODIFY `id` int(5) NOT NULL AUTO_INCREMENT, AUTO_INCREMENT=775;

--
-- AUTO_INCREMENT untuk tabel `m_guests`
--
ALTER TABLE `m_guests`
  MODIFY `id` int(5) NOT NULL AUTO_INCREMENT;

--
-- AUTO_INCREMENT untuk tabel `m_questions`
--
ALTER TABLE `m_questions`
  MODIFY `id` int(10) NOT NULL AUTO_INCREMENT, AUTO_INCREMENT=301;

--
-- AUTO_INCREMENT untuk tabel `m_tests`
--
ALTER TABLE `m_tests`
  MODIFY `id` int(3) NOT NULL AUTO_INCREMENT, AUTO_INCREMENT=3;

--
-- AUTO_INCREMENT untuk tabel `participants`
--
ALTER TABLE `participants`
  MODIFY `id` int(11) NOT NULL AUTO_INCREMENT, AUTO_INCREMENT=33;
COMMIT;

/*!40101 SET CHARACTER_SET_CLIENT=@OLD_CHARACTER_SET_CLIENT */;
/*!40101 SET CHARACTER_SET_RESULTS=@OLD_CHARACTER_SET_RESULTS */;
/*!40101 SET COLLATION_CONNECTION=@OLD_COLLATION_CONNECTION */;
